Timestamp,TimestampUTC,Open,High,Low,Close,Volume
2025-10-28T07:30:00-03:00,2025-10-28T10:30:00+00:00,4117.9,4117.91,4106.57,4115.77,22805.983
2025-10-28T08:00:00-03:00,2025-10-28T11:00:00+00:00,4116.27,4116.76,4112.16,4112.4,3688.03
2025-10-28T08:00:00-03:00,2025-10-28T11:00:00+00:00,4116.27,4116.76,4108.3,4111.09,7799.819
2025-10-28T08:00:00-03:00,2025-10-28T11:00:00+00:00,4116.27,4123.68,4108.3,4119.69,20036.789
2025-10-28T08:30:00-03:00,2025-10-28T11:30:00+00:00,4118.76,4118.77,4118.25,4118.25,72.246
2025-10-28T08:30:00-03:00,2025-10-28T11:30:00+00:00,4118.76,4118.77,4118.25,4118.25,72.246
2025-10-28T08:30:00-03:00,2025-10-28T11:30:00+00:00,4118.76,4119.68,4117.39,4118.72,1063.433
2025-10-28T09:00:00-03:00,2025-10-28T12:00:00+00:00,4110.11,4110.11,4109.45,4109.65,184.291
2025-10-28T09:00:00-03:00,2025-10-28T12:00:00+00:00,4110.11,4110.11,4109.45,4109.65,178.121
2025-10-28T09:30:00-03:00,2025-10-28T12:30:00+00:00,4102.3,4103.8,4102.18,4103.79,944.504
2025-10-28T09:30:00-03:00,2025-10-28T12:30:00+00:00,4102.3,4104.29,4102.18,4103.95,1480.562
2025-10-28T10:00:00-03:00,2025-10-28T13:00:00+00:00,4120.0,4120.44,4120.0,4120.43,13.003
2025-10-28T10:00:00-03:00,2025-10-28T13:00:00+00:00,4120.0,4120.44,4120.0,4120.43,13.003
2025-10-28T10:00:00-03:00,2025-10-28T13:00:00+00:00,4120.0,4137.89,4119.78,4129.22,44985.406
2025-10-28T10:30:00-03:00,2025-10-28T13:30:00+00:00,4139.56,4139.56,4139.56,4139.56,0.145
2025-10-28T10:30:00-03:00,2025-10-28T13:30:00+00:00,4139.56,4149.51,4130.03,4143.22,43660.782
2025-10-28T11:00:00-03:00,2025-10-28T14:00:00+00:00,4157.08,4158.0,4157.07,4157.84,431.486
2025-10-28T11:00:00-03:00,2025-10-28T14:00:00+00:00,4157.08,4174.08,4141.2,4149.17,118643.04
2025-10-28T11:30:00-03:00,2025-10-28T14:30:00+00:00,4157.58,4158.48,4157.52,4158.47,95.776
2025-10-28T12:00:00-03:00,2025-10-28T15:00:00+00:00,4117.29,4118.83,4117.29,4118.83,231.099
2025-10-30T11:15:00+00:00,2025-10-30T11:15:00+00:00,3884.49,3893.0,3875.11,3890.29,23490.693
2025-10-30T11:30:00+00:00,2025-10-30T11:30:00+00:00,3889.29,3896.21,3886.0,3886.69,14261.745
2025-10-30T11:45:00+00:00,2025-10-30T11:45:00+00:00,3890.74,3895.8,3880.0,3880.4,8734.223
2025-10-31T12:00:00+00:00,2025-10-31T12:00:00+00:00,3872.16,3887.02,3864.0,3870.23,113390.954
2025-10-31T12:00:00+00:00,2025-10-31T12:00:00+00:00,3872.16,3887.02,3835.4,3842.56,233568.751
2025-10-31T12:00:00+00:00,2025-10-31T12:00:00+00:00,3872.16,3887.02,3835.4,3842.11,241134.659
2025-10-31T12:00:00+00:00,2025-10-31T12:00:00+00:00,3872.16,3887.02,3835.4,3838.44,244267.224
2025-10-31T12:00:00+00:00,2025-10-31T12:00:00+00:00,3872.16,3887.02,3835.4,3837.01,245246.935
2025-10-31T12:00:00+00:00,2025-10-31T12:00:00+00:00,3872.16,3887.02,3835.4,3838.27,246585.276
2025-10-31T12:00:00+00:00,2025-10-31T12:00:00+00:00,3872.16,3887.02,3833.01,3833.36,249301.83
2025-10-31T13:00:00+00:00,2025-10-31T13:00:00+00:00,3834.8,3835.31,3834.79,3835.3,28.697
2025-10-31T13:00:00+00:00,2025-10-31T13:00:00+00:00,3834.8,3835.31,3834.79,3835.3,28.697
2025-10-31T13:00:00+00:00,2025-10-31T13:00:00+00:00,3834.8,3836.14,3834.79,3835.83,174.638
2025-10-31T13:00:00+00:00,2025-10-31T13:00:00+00:00,3834.8,3840.51,3834.55,3839.53,4107.824
2025-10-31T13:00:00+00:00,2025-10-31T13:00:00+00:00,3834.8,3841.17,3834.55,3840.65,4934.937
2025-10-31T13:00:00+00:00,2025-10-31T13:00:00+00:00,3834.8,3841.17,3834.55,3840.08,8126.048
2025-10-31T13:00:00+00:00,2025-10-31T13:00:00+00:00,3834.8,3841.5,3834.55,3841.45,8367.902
2025-10-31T13:15:00+00:00,2025-10-31T13:15:00+00:00,3850.11,3872.04,3845.53,3853.83,51083.195
2025-10-31T13:30:00+00:00,2025-10-31T13:30:00+00:00,3855.59,3855.6,3852.8,3852.8,665.909
2025-10-31T13:30:00+00:00,2025-10-31T13:30:00+00:00,3855.59,3855.6,3835.0,3842.46,25758.453
2025-10-31T13:45:00+00:00,2025-10-31T13:45:00+00:00,3834.2,3837.97,3834.19,3836.58,543.84
2025-10-31T14:00:00+00:00,2025-10-31T14:00:00+00:00,3857.71,3858.73,3854.01,3855.29,1024.112
2025-10-31T14:15:00+00:00,2025-10-31T14:15:00+00:00,3846.35,3846.36,3845.0,3845.38,289.543
2025-10-31T14:30:00+00:00,2025-10-31T14:30:00+00:00,3850.13,3850.14,3847.78,3847.78,139.098
2025-10-31T14:45:00+00:00,2025-10-31T14:45:00+00:00,3849.09,3849.1,3848.0,3848.0,98.522
2025-10-31T15:00:00+00:00,2025-10-31T15:00:00+00:00,3865.97,3865.97,3865.96,3865.96,93.116
2025-10-31T15:15:00+00:00,2025-10-31T15:15:00+00:00,3871.99,3874.54,3871.68,3874.5,1045.264
2025-10-31T15:30:00+00:00,2025-10-31T15:30:00+00:00,3859.61,3859.61,3858.13,3858.54,397.807
2025-10-31T15:45:00+00:00,2025-10-31T15:45:00+00:00,3866.43,3866.76,3861.84,3861.85,1051.942
2025-10-31T16:00:00+00:00,2025-10-31T16:00:00+00:00,3858.58,3858.58,3856.14,3856.15,572.003
2025-10-31T16:15:00+00:00,2025-10-31T16:15:00+00:00,3850.4,3850.4,3850.14,3850.15,6.89
2025-10-31T16:30:00+00:00,2025-10-31T16:30:00+00:00,3859.27,3859.46,3858.3,3858.3,142.311
2025-10-31T16:45:00+00:00,2025-10-31T16:45:00+00:00,3847.59,3847.59,3846.57,3846.75,119.222
2025-10-31T17:00:00+00:00,2025-10-31T17:00:00+00:00,3820.87,3820.87,3819.1,3819.48,695.393
2025-10-31T17:15:00+00:00,2025-10-31T17:15:00+00:00,3816.96,3816.96,3816.62,3816.62,19.855
2025-10-31T17:30:00+00:00,2025-10-31T17:30:00+00:00,3820.74,3820.74,3819.43,3820.4,206.144
2025-10-31T17:45:00+00:00,2025-10-31T17:45:00+00:00,3822.31,3822.31,3822.02,3822.02,32.891
2025-10-31T18:00:00+00:00,2025-10-31T18:00:00+00:00,3826.68,3828.62,3826.68,3828.62,264.194
2025-10-31T18:15:00+00:00,2025-10-31T18:15:00+00:00,3827.08,3828.0,3826.8,3828.0,471.208
2025-10-31T18:30:00+00:00,2025-10-31T18:30:00+00:00,3822.09,3822.86,3821.64,3821.64,83.686
2025-10-31T18:45:00+00:00,2025-10-31T18:45:00+00:00,3859.78,3859.78,3859.63,3859.63,39.958
2025-10-31T19:00:00+00:00,2025-10-31T19:00:00+00:00,3851.4,3851.4,3849.75,3850.58,245.726
2025-10-31T19:15:00+00:00,2025-10-31T19:15:00+00:00,3847.55,3847.55,3845.32,3845.32,148.062
2025-10-31T19:30:00+00:00,2025-10-31T19:30:00+00:00,3872.83,3874.43,3871.67,3874.42,511.936
2025-10-31T19:45:00+00:00,2025-10-31T19:45:00+00:00,3891.61,3892.71,3891.6,3892.71,301.025
2025-10-31T20:00:00+00:00,2025-10-31T20:00:00+00:00,3884.91,3884.91,3882.53,3882.78,383.275
2025-10-31T20:15:00+00:00,2025-10-31T20:15:00+00:00,3886.86,3887.05,3886.86,3887.05,39.188
2025-10-31T20:30:00+00:00,2025-10-31T20:30:00+00:00,3885.5,3885.84,3885.5,3885.84,69.729
2025-10-31T20:45:00+00:00,2025-10-31T20:45:00+00:00,3873.01,3873.33,3872.37,3872.7,161.833
2025-10-31T21:00:00+00:00,2025-10-31T21:00:00+00:00,3858.96,3858.96,3857.58,3857.59,578.788
2025-10-31T21:15:00+00:00,2025-10-31T21:15:00+00:00,3841.11,3842.83,3840.56,3842.52,377.905
2025-10-31T21:30:00+00:00,2025-10-31T21:30:00+00:00,3850.11,3851.22,3849.13,3849.13,429.088
2025-10-31T21:45:00+00:00,2025-10-31T21:45:00+00:00,3856.01,3856.01,3856.0,3856.01,6.596
2025-10-31T22:00:00+00:00,2025-10-31T22:00:00+00:00,3860.14,3860.14,3858.75,3858.75,287.841
2025-10-31T22:15:00+00:00,2025-10-31T22:15:00+00:00,3858.5,3858.5,3858.14,3858.15,44.213
2025-10-31T22:30:00+00:00,2025-10-31T22:30:00+00:00,3855.06,3855.06,3854.63,3854.63,25.319
2025-10-31T22:45:00+00:00,2025-10-31T22:45:00+00:00,3854.16,3854.17,3854.05,3854.06,8.208
2025-10-31T23:00:00+00:00,2025-10-31T23:00:00+00:00,3853.63,3853.63,3852.25,3852.44,329.574
2025-10-31T23:15:00+00:00,2025-10-31T23:15:00+00:00,3850.78,3850.78,3850.48,3850.48,56.373
2025-10-31T23:30:00+00:00,2025-10-31T23:30:00+00:00,3853.87,3853.87,3851.74,3851.74,148.886
2025-10-31T23:45:00+00:00,2025-10-31T23:45:00+00:00,3856.29,3857.26,3856.28,3856.53,146.473
2025-11-01T00:00:00+00:00,2025-11-01T00:00:00+00:00,3846.42,3846.42,3846.41,3846.41,33.905
2025-11-01T00:15:00+00:00,2025-11-01T00:15:00+00:00,3841.75,3841.76,3841.5,3841.51,35.683
2025-11-01T00:30:00+00:00,2025-11-01T00:30:00+00:00,3840.26,3840.26,3840.25,3840.25,14.123
2025-11-01T00:45:00+00:00,2025-11-01T00:45:00+00:00,3840.75,3840.75,3840.37,3840.38,19.093
2025-11-01T01:00:00+00:00,2025-11-01T01:00:00+00:00,3845.57,3845.58,3845.57,3845.57,19.309
2025-11-01T01:15:00+00:00,2025-11-01T01:15:00+00:00,3846.0,3846.0,3845.81,3845.82,15.705
2025-11-01T01:30:00+00:00,2025-11-01T01:30:00+00:00,3853.92,3854.47,3853.91,3854.46,32.077
2025-11-01T01:45:00+00:00,2025-11-01T01:45:00+00:00,3845.99,3846.04,3845.99,3846.04,45.618
2025-11-01T02:00:00+00:00,2025-11-01T02:00:00+00:00,3842.41,3842.41,3841.23,3841.23,128.595
2025-11-01T02:15:00+00:00,2025-11-01T02:15:00+00:00,3837.27,3837.28,3837.27,3837.28,7.9
2025-11-01T02:30:00+00:00,2025-11-01T02:30:00+00:00,3845.4,3845.66,3845.4,3845.65,6.339
2025-11-01T02:45:00+00:00,2025-11-01T02:45:00+00:00,3844.82,3844.82,3844.82,3844.82,0.612
2025-11-01T03:00:00+00:00,2025-11-01T03:00:00+00:00,3850.58,3850.59,3850.58,3850.59,40.431
2025-11-01T03:15:00+00:00,2025-11-01T03:15:00+00:00,3850.72,3850.72,3850.71,3850.71,5.161
2025-11-01T03:30:00+00:00,2025-11-01T03:30:00+00:00,3854.81,3854.81,3854.8,3854.8,0.612
2025-11-01T03:45:00+00:00,2025-11-01T03:45:00+00:00,3857.82,3858.25,3857.82,3858.25,57.258
2025-11-01T04:00:00+00:00,2025-11-01T04:00:00+00:00,3860.0,3860.45,3859.99,3860.44,73.58
2025-11-01T04:15:00+00:00,2025-11-01T04:15:00+00:00,3859.67,3859.67,3858.65,3858.65,158.939
2025-11-01T04:30:00+00:00,2025-11-01T04:30:00+00:00,3861.01,3861.33,3861.0,3861.33,38.305
2025-11-01T04:45:00+00:00,2025-11-01T04:45:00+00:00,3862.46,3862.46,3862.11,3862.11,4.888
2025-11-01T05:00:00+00:00,2025-11-01T05:00:00+00:00,3864.75,3864.75,3864.02,3864.74,122.007
2025-11-01T05:15:00+00:00,2025-11-01T05:15:00+00:00,3859.61,3859.62,3859.29,3859.3,33.583
2025-11-01T05:30:00+00:00,2025-11-01T05:30:00+00:00,3862.3,3863.0,3862.29,3863.0,60.575
2025-11-01T05:45:00+00:00,2025-11-01T05:45:00+00:00,3861.84,3861.85,3861.84,3861.84,1.435
2025-11-01T06:00:00+00:00,2025-11-01T06:00:00+00:00,3853.97,3853.97,3853.96,3853.96,54.644
2025-11-01T06:15:00+00:00,2025-11-01T06:15:00+00:00,3855.01,3855.01,3855.0,3855.0,5.957
2025-11-01T06:30:00+00:00,2025-11-01T06:30:00+00:00,3854.12,3854.12,3854.07,3854.08,79.262
2025-11-01T06:45:00+00:00,2025-11-01T06:45:00+00:00,3853.01,3853.01,3853.0,3853.0,0.768
2025-11-01T07:00:00+00:00,2025-11-01T07:00:00+00:00,3857.04,3857.27,3857.04,3857.27,37.756
2025-11-01T07:15:00+00:00,2025-11-01T07:15:00+00:00,3860.01,3860.01,3860.0,3860.0,1.791
2025-11-01T07:30:00+00:00,2025-11-01T07:30:00+00:00,3863.63,3864.51,3863.63,3864.5,62.435
2025-11-01T07:45:00+00:00,2025-11-01T07:45:00+00:00,3859.87,3859.87,3859.87,3859.87,0.514
2025-11-01T08:00:00+00:00,2025-11-01T08:00:00+00:00,3859.29,3859.29,3859.28,3859.29,1.706
2025-11-01T08:15:00+00:00,2025-11-01T08:15:00+00:00,3863.19,3863.67,3863.19,3863.66,5.217
2025-11-01T08:30:00+00:00,2025-11-01T08:30:00+00:00,3865.99,3865.99,3865.86,3865.87,38.052
2025-11-01T08:45:00+00:00,2025-11-01T08:45:00+00:00,3867.73,3868.67,3867.73,3868.67,94.714
2025-11-01T09:00:00+00:00,2025-11-01T09:00:00+00:00,3880.31,3880.76,3880.31,3880.6,215.858
2025-11-01T09:15:00+00:00,2025-11-01T09:15:00+00:00,3879.99,3879.99,3879.98,3879.99,10.047
2025-11-01T09:30:00+00:00,2025-11-01T09:30:00+00:00,3875.48,3875.48,3874.58,3874.58,40.477
2025-11-01T09:45:00+00:00,2025-11-01T09:45:00+00:00,3870.2,3870.51,3870.2,3870.51,131.826
2025-11-01T10:00:00+00:00,2025-11-01T10:00:00+00:00,3873.89,3874.87,3873.89,3874.87,70.15
2025-11-01T10:15:00+00:00,2025-11-01T10:15:00+00:00,3871.69,3872.5,3871.68,3872.28,151.007
2025-11-01T10:30:00+00:00,2025-11-01T10:30:00+00:00,3872.47,3872.48,3872.47,3872.47,5.637
2025-11-01T07:30:00-03:00,2025-11-01T10:30:00+00:00,3872.47,3876.46,3871.7,3874.4,4290.305
2025-11-01T10:45:00+00:00,2025-11-01T10:45:00+00:00,3877.69,3877.7,3877.29,3877.5,153.825
2025-11-01T10:45:00+00:00,2025-11-01T10:45:00+00:00,3877.69,3880.44,3875.0,3880.21,4916.187
2025-11-01T11:00:00+00:00,2025-11-01T11:00:00+00:00,3874.99,3875.66,3874.99,3875.23,62.646
2025-11-01T11:00:00+00:00,2025-11-01T11:00:00+00:00,3874.99,3879.49,3874.99,3876.77,7154.091
2025-11-01T11:15:00+00:00,2025-11-01T11:15:00+00:00,3876.78,3876.85,3876.78,3876.85,73.294
2025-11-01T11:30:00+00:00,2025-11-01T11:30:00+00:00,3871.0,3871.19,3871.0,3871.19,104.724
2025-11-01T11:45:00+00:00,2025-11-01T11:45:00+00:00,3874.68,3874.69,3874.68,3874.68,33.552
2025-11-01T12:00:00+00:00,2025-11-01T12:00:00+00:00,3876.08,3878.32,3876.08,3877.58,757.826
2025-11-01T12:15:00+00:00,2025-11-01T12:15:00+00:00,3875.51,3875.52,3875.51,3875.52,0.806
2025-11-01T12:30:00+00:00,2025-11-01T12:30:00+00:00,3876.42,3876.43,3876.42,3876.43,4.196
2025-11-01T09:30:00-03:00,2025-11-01T12:30:00+00:00,3876.42,3878.88,3876.42,3877.78,2265.874
2025-11-01T12:45:00+00:00,2025-11-01T12:45:00+00:00,3877.75,3877.75,3877.75,3877.75,0.157
2025-11-01T12:30:00+00:00,2025-11-01T12:30:00+00:00,3876.42,3879.37,3874.34,3874.34,7326.311
2025-11-01T12:30:00+00:00,2025-11-01T12:30:00+00:00,3876.42,3879.37,3874.16,3874.49,7405.144
2025-11-01T13:00:00+00:00,2025-11-01T13:00:00+00:00,3874.63,3875.71,3874.63,3875.7,70.551
2025-11-01T13:00:00+00:00,2025-11-01T13:00:00+00:00,3874.63,3875.71,3874.63,3875.7,75.761
2025-11-01T13:00:00+00:00,2025-11-01T13:00:00+00:00,3874.63,3875.71,3874.63,3875.26,431.595
2025-11-01T13:00:00+00:00,2025-11-01T13:00:00+00:00,3874.63,3875.71,3874.63,3874.88,441.247
2025-11-01T14:00:00+00:00,2025-11-01T14:00:00+00:00,3868.62,3868.62,3868.37,3868.37,16.415
2025-11-01T14:00:00+00:00,2025-11-01T14:00:00+00:00,3868.62,3868.62,3867.54,3867.8,475.57
2025-11-01T14:00:00+00:00,2025-11-01T14:00:00+00:00,3868.62,3872.2,3860.14,3862.18,12351.002
2025-11-01T14:00:00+00:00,2025-11-01T14:00:00+00:00,3868.62,3872.2,3860.14,3862.31,12411.962
2025-11-01T15:00:00+00:00,2025-11-01T15:00:00+00:00,3871.43,3871.43,3871.43,3871.43,0.972
2025-11-01T15:00:00+00:00,2025-11-01T15:00:00+00:00,3871.43,3871.43,3871.06,3871.06,67.453
2025-11-01T16:00:00+00:00,2025-11-01T16:00:00+00:00,3893.02,3894.0,3893.02,3893.99,195.649
2025-11-01T16:00:00+00:00,2025-11-01T16:00:00+00:00,3893.02,3894.44,3893.02,3894.44,558.753
2025-11-01T17:00:00+00:00,2025-11-01T17:00:00+00:00,3890.24,3891.55,3888.59,3891.22,1674.443
2025-11-01T17:00:00+00:00,2025-11-01T17:00:00+00:00,3890.24,3892.56,3888.59,3892.4,1779.173
2025-11-01T18:00:00+00:00,2025-11-01T18:00:00+00:00,3864.2,3864.2,3862.59,3862.68,345.577
2025-11-01T18:00:00+00:00,2025-11-01T18:00:00+00:00,3864.2,3864.2,3862.59,3862.68,345.577
2025-11-01T19:00:00+00:00,2025-11-01T19:00:00+00:00,3878.37,3878.38,3877.45,3877.46,265.427
2025-11-01T19:00:00+00:00,2025-11-01T19:00:00+00:00,3878.37,3878.38,3877.45,3877.46,257.669
2025-11-01T20:00:00+00:00,2025-11-01T20:00:00+00:00,3878.33,3878.44,3878.33,3878.43,1.311
2025-11-01T20:00:00+00:00,2025-11-01T20:00:00+00:00,3878.33,3878.69,3878.33,3878.69,18.317
2025-11-01T21:00:00+00:00,2025-11-01T21:00:00+00:00,3879.92,3879.92,3879.91,3879.91,60.251
2025-11-01T21:00:00+00:00,2025-11-01T21:00:00+00:00,3879.92,3879.95,3879.9,3879.95,152.08
2025-11-01T22:00:00+00:00,2025-11-01T22:00:00+00:00,3865.81,3865.82,3865.53,3865.53,171.403
2025-11-01T22:00:00+00:00,2025-11-01T22:00:00+00:00,3865.81,3865.82,3865.53,3865.54,232.244
2025-11-01T23:00:00+00:00,2025-11-01T23:00:00+00:00,3873.23,3873.24,3873.23,3873.23,2.009
2025-11-01T23:00:00+00:00,2025-11-01T23:00:00+00:00,3873.23,3873.24,3873.23,3873.23,11.148
2025-11-02T00:00:00+00:00,2025-11-02T00:00:00+00:00,3872.14,3872.15,3872.13,3872.14,51.686
2025-11-02T00:00:00+00:00,2025-11-02T00:00:00+00:00,3872.14,3872.24,3872.13,3872.23,78.866
2025-11-02T11:00:00+00:00,2025-11-02T11:00:00+00:00,3861.64,3895.8,3860.43,3891.2,131032.812
2025-11-02T12:00:00+00:00,2025-11-02T12:00:00+00:00,3888.93,3889.56,3888.92,3889.55,159.037
2025-11-02T13:00:00+00:00,2025-11-02T13:00:00+00:00,3875.9,3875.91,3875.21,3875.22,237.532
2025-11-02T14:00:00+00:00,2025-11-02T14:00:00+00:00,3866.46,3866.46,3865.33,3866.44,234.164
2025-11-02T15:00:00+00:00,2025-11-02T15:00:00+00:00,3851.4,3851.41,3850.24,3851.02,106.026
2025-11-02T16:00:00+00:00,2025-11-02T16:00:00+00:00,3851.63,3851.64,3850.86,3851.62,288.67
2025-11-02T17:00:00+00:00,2025-11-02T17:00:00+00:00,3862.75,3862.76,3862.38,3862.38,66.006
2025-11-02T18:00:00+00:00,2025-11-02T18:00:00+00:00,3857.7,3857.7,3856.83,3856.84,58.562
2025-11-02T19:00:00+00:00,2025-11-02T19:00:00+00:00,3862.44,3862.99,3862.44,3862.99,184.888
2025-11-02T20:00:00+00:00,2025-11-02T20:00:00+00:00,3854.38,3854.52,3854.37,3854.52,132.919
2025-11-02T21:00:00+00:00,2025-11-02T21:00:00+00:00,3857.19,3858.24,3857.19,3858.23,50.285
2025-11-02T22:00:00+00:00,2025-11-02T22:00:00+00:00,3859.54,3859.54,3859.53,3859.54,7.388
2025-11-02T23:00:00+00:00,2025-11-02T23:00:00+00:00,3853.39,3855.45,3853.39,3855.45,522.02
2025-11-03T00:00:00+00:00,2025-11-03T00:00:00+00:00,3904.79,3908.0,3903.2,3903.2,2767.657
2025-11-03T01:00:00+00:00,2025-11-03T01:00:00+00:00,3863.31,3863.31,3857.15,3859.42,4204.752
2025-11-03T02:00:00+00:00,2025-11-03T02:00:00+00:00,3835.17,3835.17,3835.16,3835.16,13.133
2025-11-03T03:00:00+00:00,2025-11-03T03:00:00+00:00,3797.4,3798.2,3796.38,3797.86,923.661
2025-11-03T04:00:00+00:00,2025-11-03T04:00:00+00:00,3734.74,3734.74,3733.96,3733.97,55.283
2025-11-03T05:00:00+00:00,2025-11-03T05:00:00+00:00,3744.77,3744.77,3743.82,3743.83,510.249
2025-11-03T06:00:00+00:00,2025-11-03T06:00:00+00:00,3730.26,3730.26,3729.42,3729.66,278.026
2025-11-03T07:00:00+00:00,2025-11-03T07:00:00+00:00,3717.01,3717.02,3715.44,3715.49,1111.556
2025-11-03T08:00:00+00:00,2025-11-03T08:00:00+00:00,3713.09,3713.09,3711.92,3711.92,331.349
2025-11-03T09:00:00+00:00,2025-11-03T09:00:00+00:00,3714.92,3714.92,3714.01,3714.01,155.93
2025-11-03T10:00:00+00:00,2025-11-03T10:00:00+00:00,3701.71,3704.13,3701.52,3704.13,456.86
2025-11-03T11:00:00+00:00,2025-11-03T11:00:00+00:00,3674.55,3675.67,3673.58,3675.67,818.959
2025-11-03T12:00:00+00:00,2025-11-03T12:00:00+00:00,3710.01,3710.58,3710.01,3710.57,101.654
2025-11-03T12:00:00+00:00,2025-11-03T12:00:00+00:00,3710.01,3711.91,3706.73,3706.93,4675.761
2025-11-03T12:00:00+00:00,2025-11-03T12:00:00+00:00,3710.01,3726.9,3702.9,3713.02,95021.814
2025-11-03T12:00:00+00:00,2025-11-03T12:00:00+00:00,3710.01,3726.9,3702.9,3716.2,110119.357
2025-11-03T13:00:00+00:00,2025-11-03T13:00:00+00:00,3707.58,3707.58,3705.81,3705.82,401.16
2025-11-03T13:00:00+00:00,2025-11-03T13:00:00+00:00,3707.58,3717.0,3691.48,3703.75,104631.087
2025-11-03T14:00:00+00:00,2025-11-03T14:00:00+00:00,3718.47,3720.48,3718.47,3720.3,379.781
2025-11-03T15:00:00+00:00,2025-11-03T15:00:00+00:00,3732.83,3733.89,3731.8,3733.88,633.92
2025-11-03T16:00:00+00:00,2025-11-03T16:00:00+00:00,3587.38,3589.71,3587.38,3589.17,1366.534
2025-11-03T17:00:00+00:00,2025-11-03T17:00:00+00:00,3617.56,3618.02,3613.87,3613.88,1057.897
2025-11-03T18:00:00+00:00,2025-11-03T18:00:00+00:00,3664.65,3665.49,3663.16,3663.77,474.623
2025-11-04T14:00:00+00:00,2025-11-04T14:00:00+00:00,3505.4,3510.82,3493.09,3503.88,50715.947
2025-11-04T14:00:00+00:00,2025-11-04T14:00:00+00:00,3505.4,3510.82,3492.79,3492.8,84421.117
2025-11-05T12:00:00+00:00,2025-11-05T12:00:00+00:00,3320.98,3321.12,3319.27,3319.32,471.661
2025-11-05T13:00:00+00:00,2025-11-05T13:00:00+00:00,3343.55,3343.55,3340.83,3341.94,312.367
2025-11-05T14:00:00+00:00,2025-11-05T14:00:00+00:00,3358.71,3358.71,3357.96,3357.96,92.466
2025-11-05T15:00:00+00:00,2025-11-05T15:00:00+00:00,3347.2,3347.69,3343.61,3346.96,1249.885
2025-11-05T16:00:00+00:00,2025-11-05T16:00:00+00:00,3396.32,3396.5,3396.32,3396.5,52.459
2025-11-05T17:00:00+00:00,2025-11-05T17:00:00+00:00,3435.43,3435.43,3432.45,3432.91,1600.596
2025-11-05T18:00:00+00:00,2025-11-05T18:00:00+00:00,3433.78,3433.78,3432.07,3432.46,191.322
2025-11-05T19:00:00+00:00,2025-11-05T19:00:00+00:00,3460.24,3460.24,3459.29,3459.45,625.908
2025-11-05T20:00:00+00:00,2025-11-05T20:00:00+00:00,3453.31,3453.93,3453.11,3453.55,142.204
2025-11-05T21:00:00+00:00,2025-11-05T21:00:00+00:00,3449.51,3449.52,3446.71,3447.86,1150.097
2025-11-05T22:00:00+00:00,2025-11-05T22:00:00+00:00,3440.56,3440.64,3440.56,3440.63,19.046
2025-11-05T23:00:00+00:00,2025-11-05T23:00:00+00:00,3422.95,3424.2,3422.95,3424.2,176.337
2025-11-06T00:00:00+00:00,2025-11-06T00:00:00+00:00,3423.06,3423.06,3421.41,3421.42,189.118
2025-11-06T01:00:00+00:00,2025-11-06T01:00:00+00:00,3405.89,3405.89,3404.59,3404.59,204.684
2025-11-06T02:00:00+00:00,2025-11-06T02:00:00+00:00,3404.26,3404.27,3403.86,3403.86,98.248
2025-11-06T03:00:00+00:00,2025-11-06T03:00:00+00:00,3420.51,3422.43,3420.34,3422.43,154.328
2025-11-06T04:00:00+00:00,2025-11-06T04:00:00+00:00,3431.34,3432.04,3430.72,3430.89,126.208
2025-11-06T05:00:00+00:00,2025-11-06T05:00:00+00:00,3450.88,3450.88,3450.54,3450.54,77.23
2025-11-06T06:00:00+00:00,2025-11-06T06:00:00+00:00,3387.0,3387.0,3386.24,3386.49,162.403
2025-11-06T07:00:00+00:00,2025-11-06T07:00:00+00:00,3383.53,3383.66,3382.17,3383.66,482.595
2025-11-06T08:00:00+00:00,2025-11-06T08:00:00+00:00,3378.89,3378.89,3377.73,3377.73,88.379
2025-11-06T09:00:00+00:00,2025-11-06T09:00:00+00:00,3383.6,3384.38,3383.59,3384.38,305.923
2025-11-06T10:00:00+00:00,2025-11-06T10:00:00+00:00,3381.51,3382.05,3381.51,3381.87,71.768
2025-11-06T11:00:00+00:00,2025-11-06T11:00:00+00:00,3392.32,3392.34,3390.48,3390.51,402.904
2025-11-06T12:00:00+00:00,2025-11-06T12:00:00+00:00,3397.84,3397.84,3397.44,3397.45,64.621
2025-11-06T13:00:00+00:00,2025-11-06T13:00:00+00:00,3347.88,3352.64,3347.88,3351.5,2955.753
2025-11-06T14:00:00+00:00,2025-11-06T14:00:00+00:00,3389.66,3390.45,3389.65,3390.45,283.629
2025-11-06T15:00:00+00:00,2025-11-06T15:00:00+00:00,3327.99,3327.99,3324.43,3324.79,589.567
2025-11-06T16:00:00+00:00,2025-11-06T16:00:00+00:00,3300.01,3303.14,3300.0,3302.8,1535.233
2025-11-06T17:00:00+00:00,2025-11-06T17:00:00+00:00,3275.64,3283.0,3275.64,3277.48,6232.926
2025-11-06T18:00:00+00:00,2025-11-06T18:00:00+00:00,3328.32,3328.33,3325.5,3326.09,500.056
2025-11-06T19:00:00+00:00,2025-11-06T19:00:00+00:00,3327.31,3327.31,3325.95,3325.95,122.806
2025-11-06T20:00:00+00:00,2025-11-06T20:00:00+00:00,3324.56,3325.43,3324.56,3325.4,51.158
2025-11-06T21:00:00+00:00,2025-11-06T21:00:00+00:00,3305.57,3305.57,3303.54,3303.81,94.956
2025-11-06T22:00:00+00:00,2025-11-06T22:00:00+00:00,3324.61,3324.68,3324.61,3324.67,20.469
2025-11-06T23:00:00+00:00,2025-11-06T23:00:00+00:00,3317.77,3318.0,3315.36,3315.36,600.068
2025-11-07T00:00:00+00:00,2025-11-07T00:00:00+00:00,3313.7,3313.7,3313.69,3313.7,3.968
2025-11-07T01:00:00+00:00,2025-11-07T01:00:00+00:00,3323.85,3325.09,3322.65,3322.85,828.062
2025-11-07T02:00:00+00:00,2025-11-07T02:00:00+00:00,3323.55,3324.91,3323.1,3324.68,495.832
2025-11-07T03:00:00+00:00,2025-11-07T03:00:00+00:00,3345.69,3346.45,3344.32,3344.52,733.506
2025-11-07T04:00:00+00:00,2025-11-07T04:00:00+00:00,3343.68,3347.21,3343.67,3346.39,799.396
2025-11-07T05:00:00+00:00,2025-11-07T05:00:00+00:00,3336.82,3337.01,3336.17,3337.01,335.77
2025-11-07T06:00:00+00:00,2025-11-07T06:00:00+00:00,3365.41,3365.86,3363.97,3364.11,374.515
2025-11-07T07:00:00+00:00,2025-11-07T07:00:00+00:00,3346.3,3348.01,3346.3,3348.01,219.825
2025-11-07T08:00:00+00:00,2025-11-07T08:00:00+00:00,3356.31,3356.31,3356.18,3356.18,14.12
2025-11-07T09:00:00+00:00,2025-11-07T09:00:00+00:00,3340.3,3340.3,3340.16,3340.16,7.854
2025-11-07T10:00:00+00:00,2025-11-07T10:00:00+00:00,3299.84,3299.84,3298.82,3298.82,133.094
2025-11-07T11:00:00+00:00,2025-11-07T11:00:00+00:00,3279.0,3279.0,3277.66,3277.91,266.015
2025-11-07T12:00:00+00:00,2025-11-07T12:00:00+00:00,3258.61,3260.61,3258.41,3259.55,476.931
2025-11-07T13:00:00+00:00,2025-11-07T13:00:00+00:00,3221.67,3222.63,3221.13,3221.92,317.871
2025-11-07T14:00:00+00:00,2025-11-07T14:00:00+00:00,3239.52,3239.53,3238.0,3238.14,235.758
2025-11-10T13:00:00+00:00,2025-11-10T13:00:00+00:00,3590.46,3590.66,3590.45,3590.47,101.313
2025-11-10T14:00:00+00:00,2025-11-10T14:00:00+00:00,3613.91,3613.91,3613.0,3613.01,140.762
2025-11-10T14:00:00+00:00,2025-11-10T14:00:00+00:00,3613.91,3614.23,3566.04,3566.98,202548.935
2025-11-10T14:00:00+00:00,2025-11-10T14:00:00+00:00,3613.91,3614.23,3565.47,3566.99,210679.329
2025-11-10T15:00:00+00:00,2025-11-10T15:00:00+00:00,3540.0,3540.28,3539.55,3540.01,167.186
2025-11-10T15:00:00+00:00,2025-11-10T15:00:00+00:00,3540.0,3540.75,3538.53,3538.81,547.028
2025-11-10T16:00:00+00:00,2025-11-10T16:00:00+00:00,3518.1,3518.26,3516.25,3516.26,638.474
2025-11-10T16:00:00+00:00,2025-11-10T16:00:00+00:00,3518.1,3518.26,3516.92,3516.94,555.733
2025-11-10T17:00:00+00:00,2025-11-10T17:00:00+00:00,3528.04,3528.04,3527.37,3527.37,135.421
2025-11-10T17:00:00+00:00,2025-11-10T17:00:00+00:00,3528.04,3528.04,3527.37,3527.37,135.421
2025-11-10T18:00:00+00:00,2025-11-10T18:00:00+00:00,3553.38,3553.53,3553.37,3553.52,143.979
2025-11-10T18:00:00+00:00,2025-11-10T18:00:00+00:00,3553.38,3554.45,3553.37,3553.81,438.379
2025-11-10T19:00:00+00:00,2025-11-10T19:00:00+00:00,3530.75,3531.24,3530.22,3531.22,336.462
2025-11-10T19:00:00+00:00,2025-11-10T19:00:00+00:00,3530.75,3531.24,3530.22,3531.23,300.904
2025-11-10T20:00:00+00:00,2025-11-10T20:00:00+00:00,3556.83,3557.56,3555.83,3556.72,826.65
2025-11-10T20:00:00+00:00,2025-11-10T20:00:00+00:00,3556.83,3557.56,3555.83,3556.44,790.158
2025-11-10T21:00:00+00:00,2025-11-10T21:00:00+00:00,3570.22,3571.04,3569.51,3570.11,447.001
2025-11-10T21:00:00+00:00,2025-11-10T21:00:00+00:00,3570.22,3571.04,3569.51,3569.77,491.134
2025-11-10T22:00:00+00:00,2025-11-10T22:00:00+00:00,3540.11,3540.11,3538.81,3538.96,135.953
2025-11-10T22:00:00+00:00,2025-11-10T22:00:00+00:00,3540.11,3540.11,3538.81,3539.9,234.301
2025-11-10T23:00:00+00:00,2025-11-10T23:00:00+00:00,3574.6,3577.04,3574.59,3576.32,536.599
2025-11-10T23:00:00+00:00,2025-11-10T23:00:00+00:00,3574.6,3577.13,3574.59,3577.12,589.702
2025-11-11T00:00:00+00:00,2025-11-11T00:00:00+00:00,3566.38,3567.0,3566.37,3567.0,105.938
2025-11-11T00:00:00+00:00,2025-11-11T00:00:00+00:00,3566.38,3567.0,3566.37,3567.0,99.399
2025-11-11T01:00:00+00:00,2025-11-11T01:00:00+00:00,3584.01,3584.69,3583.27,3584.31,590.076
2025-11-11T01:00:00+00:00,2025-11-11T01:00:00+00:00,3584.01,3584.78,3583.27,3584.73,877.475
2025-11-11T02:00:00+00:00,2025-11-11T02:00:00+00:00,3579.97,3579.97,3578.61,3578.96,447.201
2025-11-11T02:00:00+00:00,2025-11-11T02:00:00+00:00,3579.97,3579.97,3577.76,3579.62,1271.458
2025-11-11T03:00:00+00:00,2025-11-11T03:00:00+00:00,3613.76,3613.76,3612.58,3612.58,133.808
2025-11-11T03:00:00+00:00,2025-11-11T03:00:00+00:00,3613.76,3613.76,3612.01,3612.02,163.74
2025-11-11T04:00:00+00:00,2025-11-11T04:00:00+00:00,3604.21,3604.21,3603.94,3603.94,16.64
2025-11-11T04:00:00+00:00,2025-11-11T04:00:00+00:00,3604.21,3605.62,3603.93,3605.46,136.819
2025-11-11T05:00:00+00:00,2025-11-11T05:00:00+00:00,3573.36,3573.74,3573.06,3573.74,72.815
2025-11-11T05:00:00+00:00,2025-11-11T05:00:00+00:00,3573.36,3573.74,3573.06,3573.36,179.228
2025-11-11T06:00:00+00:00,2025-11-11T06:00:00+00:00,3546.92,3546.92,3546.39,3546.9,174.09
2025-11-11T06:00:00+00:00,2025-11-11T06:00:00+00:00,3546.92,3546.92,3546.39,3546.39,149.37
2025-11-11T07:00:00+00:00,2025-11-11T07:00:00+00:00,3555.67,3555.67,3555.01,3555.01,56.417
2025-11-11T07:00:00+00:00,2025-11-11T07:00:00+00:00,3555.67,3555.67,3555.49,3555.5,28.871
2025-11-11T08:00:00+00:00,2025-11-11T08:00:00+00:00,3542.88,3543.37,3541.22,3542.53,715.711
2025-11-11T08:00:00+00:00,2025-11-11T08:00:00+00:00,3542.88,3543.37,3541.22,3542.53,715.711
2025-11-11T09:00:00+00:00,2025-11-11T09:00:00+00:00,3561.2,3561.2,3560.3,3560.3,80.002
2025-11-11T09:00:00+00:00,2025-11-11T09:00:00+00:00,3561.2,3561.2,3560.3,3560.3,80.002
2025-11-11T10:00:00+00:00,2025-11-11T10:00:00+00:00,3553.96,3553.96,3553.3,3553.92,83.631
2025-11-11T10:00:00+00:00,2025-11-11T10:00:00+00:00,3553.96,3553.96,3552.21,3552.21,303.134
2025-11-11T11:00:00+00:00,2025-11-11T11:00:00+00:00,3558.78,3558.99,3558.78,3558.99,44.401
2025-11-11T11:00:00+00:00,2025-11-11T11:00:00+00:00,3558.78,3560.43,3558.78,3560.42,1086.206
2025-11-11T12:00:00+00:00,2025-11-11T12:00:00+00:00,3572.4,3572.59,3572.39,3572.53,48.492
2025-11-11T12:00:00+00:00,2025-11-11T12:00:00+00:00,3572.4,3572.59,3572.39,3572.53,65.525
2025-11-11T13:00:00+00:00,2025-11-11T13:00:00+00:00,3539.68,3540.01,3539.38,3540.01,304.061
2025-11-11T13:00:00+00:00,2025-11-11T13:00:00+00:00,3539.68,3541.57,3539.38,3541.55,671.371
2025-11-11T14:00:00+00:00,2025-11-11T14:00:00+00:00,3530.99,3531.52,3530.98,3530.99,62.525
2025-11-11T14:00:00+00:00,2025-11-11T14:00:00+00:00,3530.99,3531.65,3530.98,3531.65,150.148
2025-11-11T15:00:00+00:00,2025-11-11T15:00:00+00:00,3528.26,3528.26,3525.35,3525.56,935.883
2025-11-11T15:00:00+00:00,2025-11-11T15:00:00+00:00,3528.26,3528.26,3524.5,3524.71,1665.801
2025-11-11T16:00:00+00:00,2025-11-11T16:00:00+00:00,3479.62,3481.82,3479.62,3481.61,1060.671
2025-11-11T16:00:00+00:00,2025-11-11T16:00:00+00:00,3479.62,3481.82,3479.62,3481.45,1283.756
2025-11-11T17:00:00+00:00,2025-11-11T17:00:00+00:00,3483.45,3483.45,3483.45,3483.45,0.021
2025-11-11T17:00:00+00:00,2025-11-11T17:00:00+00:00,3483.45,3483.45,3483.44,3483.44,7.729
2025-11-11T18:00:00+00:00,2025-11-11T18:00:00+00:00,3471.49,3472.77,3471.18,3472.77,150.576
2025-11-11T18:00:00+00:00,2025-11-11T18:00:00+00:00,3471.49,3472.29,3471.18,3472.29,111.047
2025-11-11T19:00:00+00:00,2025-11-11T19:00:00+00:00,3467.31,3467.31,3466.51,3466.51,185.731
2025-11-11T19:00:00+00:00,2025-11-11T19:00:00+00:00,3467.31,3467.31,3466.51,3466.51,203.379
2025-11-11T20:00:00+00:00,2025-11-11T20:00:00+00:00,3455.66,3455.66,3455.17,3455.51,107.432
2025-11-11T20:00:00+00:00,2025-11-11T20:00:00+00:00,3455.66,3455.66,3454.74,3455.13,368.758
2025-11-11T21:00:00+00:00,2025-11-11T21:00:00+00:00,3437.4,3437.99,3437.4,3437.53,78.022
2025-11-11T21:00:00+00:00,2025-11-11T21:00:00+00:00,3437.4,3438.63,3437.4,3438.63,374.648
2025-11-11T22:00:00+00:00,2025-11-11T22:00:00+00:00,3416.19,3416.19,3414.42,3414.42,342.902
2025-11-11T22:00:00+00:00,2025-11-11T22:00:00+00:00,3416.19,3416.19,3415.43,3415.43,152.824
2025-11-11T23:00:00+00:00,2025-11-11T23:00:00+00:00,3428.47,3429.76,3428.18,3429.24,318.854
2025-11-11T23:00:00+00:00,2025-11-11T23:00:00+00:00,3428.47,3429.76,3428.18,3429.19,325.8
2025-11-12T00:00:00+00:00,2025-11-12T00:00:00+00:00,3416.33,3417.44,3416.29,3416.3,989.676
2025-11-12T00:00:00+00:00,2025-11-12T00:00:00+00:00,3416.33,3417.44,3414.73,3415.75,2373.722
2025-11-12T01:00:00+00:00,2025-11-12T01:00:00+00:00,3416.65,3417.12,3416.65,3416.7,51.277
2025-11-12T01:00:00+00:00,2025-11-12T01:00:00+00:00,3416.65,3417.12,3416.65,3416.7,51.277
2025-11-12T02:00:00+00:00,2025-11-12T02:00:00+00:00,3445.82,3445.82,3445.0,3445.21,80.463
2025-11-12T02:00:00+00:00,2025-11-12T02:00:00+00:00,3445.82,3445.82,3445.81,3445.82,7.32
2025-11-12T03:00:00+00:00,2025-11-12T03:00:00+00:00,3425.95,3426.13,3425.0,3425.53,254.429
2025-11-12T03:00:00+00:00,2025-11-12T03:00:00+00:00,3425.95,3426.13,3424.98,3425.23,335.112
2025-11-12T04:00:00+00:00,2025-11-12T04:00:00+00:00,3437.52,3437.95,3437.51,3437.95,164.664
2025-11-12T04:00:00+00:00,2025-11-12T04:00:00+00:00,3437.52,3437.95,3437.51,3437.95,164.664
2025-11-12T05:00:00+00:00,2025-11-12T05:00:00+00:00,3442.65,3443.56,3442.65,3443.55,82.304
2025-11-12T05:00:00+00:00,2025-11-12T05:00:00+00:00,3442.65,3443.08,3442.65,3443.08,46.782
2025-11-12T06:00:00+00:00,2025-11-12T06:00:00+00:00,3447.45,3447.62,3447.45,3447.62,35.237
2025-11-12T06:00:00+00:00,2025-11-12T06:00:00+00:00,3447.45,3447.62,3447.45,3447.62,35.237
2025-11-12T07:00:00+00:00,2025-11-12T07:00:00+00:00,3436.67,3436.67,3436.66,3436.67,32.035
2025-11-12T07:00:00+00:00,2025-11-12T07:00:00+00:00,3436.67,3436.67,3436.21,3436.38,472.481
2025-11-12T08:00:00+00:00,2025-11-12T08:00:00+00:00,3426.51,3428.54,3426.51,3428.14,496.246
2025-11-12T08:00:00+00:00,2025-11-12T08:00:00+00:00,3426.51,3426.86,3426.51,3426.86,8.985
2025-11-12T09:00:00+00:00,2025-11-12T09:00:00+00:00,3466.94,3467.66,3466.71,3467.65,121.718
2025-11-12T09:00:00+00:00,2025-11-12T09:00:00+00:00,3466.94,3467.66,3466.71,3467.65,121.718
2025-11-12T10:00:00+00:00,2025-11-12T10:00:00+00:00,3482.07,3482.45,3482.01,3482.01,53.702
2025-11-12T10:00:00+00:00,2025-11-12T10:00:00+00:00,3482.07,3482.45,3481.31,3481.31,463.409
2025-11-12T11:00:00+00:00,2025-11-12T11:00:00+00:00,3532.49,3533.26,3532.19,3532.57,661.818
2025-11-12T11:00:00+00:00,2025-11-12T11:00:00+00:00,3532.49,3533.26,3532.19,3532.57,661.818
2025-11-12T12:00:00+00:00,2025-11-12T12:00:00+00:00,3548.24,3548.24,3547.23,3547.61,393.377
2025-11-12T12:00:00+00:00,2025-11-12T12:00:00+00:00,3548.24,3548.24,3547.23,3547.61,400.955
2025-11-12T13:00:00+00:00,2025-11-12T13:00:00+00:00,3550.73,3550.74,3550.73,3550.74,0.757
2025-11-12T13:00:00+00:00,2025-11-12T13:00:00+00:00,3550.73,3552.28,3550.54,3552.28,325.476
2025-11-12T14:00:00+00:00,2025-11-12T14:00:00+00:00,3575.42,3575.42,3574.0,3574.01,49.922
2025-11-12T14:00:00+00:00,2025-11-12T14:00:00+00:00,3575.42,3575.42,3573.67,3573.77,527.867
2025-11-12T15:00:00+00:00,2025-11-12T15:00:00+00:00,3500.94,3500.94,3496.48,3499.42,854.732
2025-11-12T15:00:00+00:00,2025-11-12T15:00:00+00:00,3500.94,3500.94,3496.48,3499.42,854.732
2025-11-12T16:00:00+00:00,2025-11-12T16:00:00+00:00,3426.33,3426.94,3426.33,3426.94,127.888
2025-11-12T16:00:00+00:00,2025-11-12T16:00:00+00:00,3426.33,3426.94,3423.63,3425.05,2408.508
2025-11-12T17:00:00+00:00,2025-11-12T17:00:00+00:00,3398.1,3398.6,3397.09,3397.98,295.081
2025-11-12T17:00:00+00:00,2025-11-12T17:00:00+00:00,3398.1,3398.6,3397.09,3397.84,574.985
2025-11-12T18:00:00+00:00,2025-11-12T18:00:00+00:00,3428.0,3430.23,3428.0,3430.03,407.994
2025-11-12T18:00:00+00:00,2025-11-12T18:00:00+00:00,3428.0,3431.1,3428.0,3430.6,587.395
2025-11-12T19:00:00+00:00,2025-11-12T19:00:00+00:00,3422.85,3423.84,3422.58,3423.03,120.288
2025-11-12T19:00:00+00:00,2025-11-12T19:00:00+00:00,3422.85,3422.92,3422.58,3422.92,44.842
2025-11-12T20:00:00+00:00,2025-11-12T20:00:00+00:00,3406.58,3406.58,3405.67,3406.21,167.553
2025-11-12T20:00:00+00:00,2025-11-12T20:00:00+00:00,3406.58,3406.59,3404.81,3404.81,541.66
2025-11-12T21:00:00+00:00,2025-11-12T21:00:00+00:00,3415.24,3416.48,3414.45,3414.45,296.214
2025-11-12T21:00:00+00:00,2025-11-12T21:00:00+00:00,3415.24,3416.48,3415.24,3415.25,233.939
2025-11-12T22:00:00+00:00,2025-11-12T22:00:00+00:00,3421.84,3421.85,3421.56,3421.56,64.892
2025-11-12T22:00:00+00:00,2025-11-12T22:00:00+00:00,3421.84,3421.85,3421.84,3421.85,1.628
2025-11-12T23:00:00+00:00,2025-11-12T23:00:00+00:00,3420.45,3422.06,3419.78,3420.12,382.204
2025-11-12T23:00:00+00:00,2025-11-12T23:00:00+00:00,3420.45,3422.06,3419.76,3420.9,503.904
2025-11-13T00:00:00+00:00,2025-11-13T00:00:00+00:00,3413.45,3413.45,3413.26,3413.27,64.706
2025-11-13T00:00:00+00:00,2025-11-13T00:00:00+00:00,3413.45,3413.45,3411.47,3411.96,326.687
2025-11-13T01:00:00+00:00,2025-11-13T01:00:00+00:00,3410.9,3410.9,3410.03,3410.04,165.217
2025-11-13T01:00:00+00:00,2025-11-13T01:00:00+00:00,3410.9,3410.9,3410.03,3410.71,232.768
2025-11-13T02:00:00+00:00,2025-11-13T02:00:00+00:00,3422.77,3422.8,3421.29,3421.31,188.332
2025-11-13T02:00:00+00:00,2025-11-13T02:00:00+00:00,3422.77,3422.8,3421.29,3421.31,193.391
2025-11-13T03:00:00+00:00,2025-11-13T03:00:00+00:00,3432.89,3433.94,3432.7,3432.71,125.101
2025-11-13T03:00:00+00:00,2025-11-13T03:00:00+00:00,3432.89,3433.94,3432.12,3432.13,196.307
2025-11-13T04:00:00+00:00,2025-11-13T04:00:00+00:00,3451.32,3452.67,3450.78,3452.67,433.166
2025-11-13T04:00:00+00:00,2025-11-13T04:00:00+00:00,3451.32,3452.67,3450.78,3452.67,433.166
2025-11-13T05:00:00+00:00,2025-11-13T05:00:00+00:00,3481.09,3481.78,3480.38,3481.78,255.152
2025-11-13T05:00:00+00:00,2025-11-13T05:00:00+00:00,3481.09,3481.78,3480.38,3481.78,255.152
2025-11-13T06:00:00+00:00,2025-11-13T06:00:00+00:00,3527.67,3527.68,3526.69,3527.09,161.58
2025-11-13T06:00:00+00:00,2025-11-13T06:00:00+00:00,3527.67,3529.73,3526.69,3529.16,572.954
2025-11-13T07:00:00+00:00,2025-11-13T07:00:00+00:00,3539.68,3539.87,3539.44,3539.78,210.634
2025-11-13T07:00:00+00:00,2025-11-13T07:00:00+00:00,3539.68,3539.87,3539.44,3539.68,474.313
2025-11-13T08:00:00+00:00,2025-11-13T08:00:00+00:00,3537.16,3537.79,3536.8,3537.79,147.333
2025-11-13T08:00:00+00:00,2025-11-13T08:00:00+00:00,3537.16,3538.11,3536.8,3538.1,337.089
2025-11-13T09:00:00+00:00,2025-11-13T09:00:00+00:00,3522.85,3523.73,3522.85,3523.63,183.525
2025-11-13T09:00:00+00:00,2025-11-13T09:00:00+00:00,3522.85,3523.43,3522.85,3523.43,136.698
2025-11-13T10:00:00+00:00,2025-11-13T10:00:00+00:00,3485.21,3485.69,3485.21,3485.38,85.906
2025-11-13T10:00:00+00:00,2025-11-13T10:00:00+00:00,3485.21,3486.34,3485.21,3486.21,287.48
2025-11-13T11:00:00+00:00,2025-11-13T11:00:00+00:00,3504.12,3504.13,3502.99,3503.32,169.295
2025-11-13T11:00:00+00:00,2025-11-13T11:00:00+00:00,3504.12,3504.13,3502.99,3503.32,169.295
2025-11-13T12:00:00+00:00,2025-11-13T12:00:00+00:00,3499.97,3503.94,3499.97,3502.5,2319.761
2025-11-13T12:00:00+00:00,2025-11-13T12:00:00+00:00,3499.97,3503.94,3499.97,3502.71,1943.869
2025-11-13T13:00:00+00:00,2025-11-13T13:00:00+00:00,3499.66,3499.66,3499.1,3499.43,110.593
2025-11-13T13:00:00+00:00,2025-11-13T13:00:00+00:00,3499.66,3499.66,3499.1,3499.1,93.786
2025-11-13T14:00:00+00:00,2025-11-13T14:00:00+00:00,3436.48,3436.86,3436.48,3436.72,171.497
2025-11-13T14:00:00+00:00,2025-11-13T14:00:00+00:00,3436.48,3437.29,3436.48,3437.28,431.843
2025-11-13T15:00:00+00:00,2025-11-13T15:00:00+00:00,3441.72,3442.02,3437.0,3437.91,2368.788
2025-11-13T15:00:00+00:00,2025-11-13T15:00:00+00:00,3441.72,3442.02,3433.17,3434.04,6789.011
2025-11-13T16:00:00+00:00,2025-11-13T16:00:00+00:00,3385.52,3385.52,3384.03,3384.3,601.02
2025-11-13T16:00:00+00:00,2025-11-13T16:00:00+00:00,3385.52,3385.52,3383.54,3383.54,679.293
2025-11-13T17:00:00+00:00,2025-11-13T17:00:00+00:00,3326.74,3326.75,3326.0,3326.34,604.803
2025-11-13T17:00:00+00:00,2025-11-13T17:00:00+00:00,3326.74,3328.0,3326.0,3326.1,2757.609
2025-11-13T18:00:00+00:00,2025-11-13T18:00:00+00:00,3254.4,3254.42,3254.03,3254.03,487.12
2025-11-13T18:00:00+00:00,2025-11-13T18:00:00+00:00,3254.4,3254.85,3252.0,3253.97,2981.619
2025-11-13T19:00:00+00:00,2025-11-13T19:00:00+00:00,3212.46,3213.19,3210.14,3212.55,1032.749
2025-11-13T19:00:00+00:00,2025-11-13T19:00:00+00:00,3212.46,3213.19,3210.15,3210.15,613.042
2025-11-13T20:00:00+00:00,2025-11-13T20:00:00+00:00,3196.22,3196.32,3194.12,3194.4,1031.23
2025-11-13T20:00:00+00:00,2025-11-13T20:00:00+00:00,3196.22,3196.32,3192.59,3193.8,1634.058
2025-11-13T21:00:00+00:00,2025-11-13T21:00:00+00:00,3170.38,3170.89,3170.38,3170.88,83.403
2025-11-13T21:00:00+00:00,2025-11-13T21:00:00+00:00,3170.38,3171.38,3169.17,3171.37,670.459
2025-11-13T22:00:00+00:00,2025-11-13T22:00:00+00:00,3177.87,3177.87,3175.93,3175.94,291.839
2025-11-13T22:00:00+00:00,2025-11-13T22:00:00+00:00,3177.87,3177.87,3175.23,3175.23,326.132
2025-11-13T23:00:00+00:00,2025-11-13T23:00:00+00:00,3227.75,3228.9,3227.71,3228.89,299.991
2025-11-13T23:00:00+00:00,2025-11-13T23:00:00+00:00,3227.75,3229.45,3227.71,3229.45,325.09
2025-11-14T00:00:00+00:00,2025-11-14T00:00:00+00:00,3230.13,3230.25,3230.12,3230.24,155.752
2025-11-14T00:00:00+00:00,2025-11-14T00:00:00+00:00,3230.13,3231.07,3228.0,3229.09,520.771
2025-11-14T01:00:00+00:00,2025-11-14T01:00:00+00:00,3199.22,3199.93,3198.27,3198.27,115.621
2025-11-14T01:00:00+00:00,2025-11-14T01:00:00+00:00,3199.22,3199.93,3195.63,3196.12,1074.497
2025-11-14T15:00:00+00:00,2025-11-14T15:00:00+00:00,3197.85,3214.65,3158.56,3198.27,274764.146
2025-11-14T15:00:00+00:00,2025-11-14T15:00:00+00:00,3197.85,3214.65,3158.56,3198.27,274764.146
2025-11-14T16:00:00+00:00,2025-11-14T16:00:00+00:00,3195.73,3197.1,3194.22,3196.11,925.454
2025-11-14T16:00:00+00:00,2025-11-14T16:00:00+00:00,3195.73,3197.1,3194.22,3194.34,1234.762
2025-11-14T17:00:00+00:00,2025-11-14T17:00:00+00:00,3229.92,3229.93,3229.85,3229.85,20.387
2025-11-14T17:00:00+00:00,2025-11-14T17:00:00+00:00,3229.92,3229.93,3228.8,3228.89,203.629
2025-11-14T18:00:00+00:00,2025-11-14T18:00:00+00:00,3178.55,3178.55,3178.22,3178.26,97.131
2025-11-14T18:00:00+00:00,2025-11-14T18:00:00+00:00,3178.55,3178.72,3175.84,3178.28,576.307
2025-11-14T19:00:00+00:00,2025-11-14T19:00:00+00:00,3167.74,3168.39,3166.34,3168.39,296.122
2025-11-14T19:00:00+00:00,2025-11-14T19:00:00+00:00,3167.74,3167.74,3166.34,3166.58,205.733
2025-11-14T20:00:00+00:00,2025-11-14T20:00:00+00:00,3206.37,3206.63,3206.37,3206.63,30.557
2025-11-14T20:00:00+00:00,2025-11-14T20:00:00+00:00,3206.37,3208.74,3206.37,3207.26,233.158
2025-11-14T21:00:00+00:00,2025-11-14T21:00:00+00:00,3136.22,3136.49,3134.73,3135.48,440.094
2025-11-14T21:00:00+00:00,2025-11-14T21:00:00+00:00,3136.22,3136.49,3134.73,3135.48,440.094
2025-11-14T22:00:00+00:00,2025-11-14T22:00:00+00:00,3165.97,3165.98,3165.55,3165.55,40.349
2025-11-14T22:00:00+00:00,2025-11-14T22:00:00+00:00,3165.97,3167.22,3165.55,3167.22,155.76
2025-11-14T23:00:00+00:00,2025-11-14T23:00:00+00:00,3157.72,3157.72,3157.71,3157.72,6.426
2025-11-14T23:00:00+00:00,2025-11-14T23:00:00+00:00,3157.72,3157.72,3156.16,3156.16,54.497
2025-11-15T00:00:00+00:00,2025-11-15T00:00:00+00:00,3111.2,3111.43,3111.2,3111.43,39.289
2025-11-15T00:00:00+00:00,2025-11-15T00:00:00+00:00,3111.2,3111.74,3111.2,3111.74,205.854
2025-11-15T01:00:00+00:00,2025-11-15T01:00:00+00:00,3139.8,3140.89,3139.12,3139.49,416.324
2025-11-15T01:00:00+00:00,2025-11-15T01:00:00+00:00,3139.8,3140.89,3139.12,3139.49,416.324
2025-11-15T02:00:00+00:00,2025-11-15T02:00:00+00:00,3172.12,3172.12,3171.8,3172.03,88.203
2025-11-15T02:00:00+00:00,2025-11-15T02:00:00+00:00,3172.12,3172.12,3171.8,3172.04,67.831
2025-11-15T03:00:00+00:00,2025-11-15T03:00:00+00:00,3192.22,3192.22,3191.79,3191.95,57.432
2025-11-15T03:00:00+00:00,2025-11-15T03:00:00+00:00,3192.22,3192.22,3189.65,3189.65,374.616
2025-11-15T04:00:00+00:00,2025-11-15T04:00:00+00:00,3177.88,3178.17,3177.62,3177.65,100.242
2025-11-15T04:00:00+00:00,2025-11-15T04:00:00+00:00,3177.88,3178.17,3176.73,3176.9,221.367
2025-11-15T05:00:00+00:00,2025-11-15T05:00:00+00:00,3170.71,3170.71,3170.62,3170.62,49.18
2025-11-15T05:00:00+00:00,2025-11-15T05:00:00+00:00,3170.71,3170.71,3170.62,3170.62,49.18
2025-11-15T06:00:00+00:00,2025-11-15T06:00:00+00:00,3177.5,3177.5,3177.49,3177.49,4.974
2025-11-15T06:00:00+00:00,2025-11-15T06:00:00+00:00,3177.5,3177.5,3177.27,3177.27,32.673
2025-11-15T07:00:00+00:00,2025-11-15T07:00:00+00:00,3173.99,3173.99,3173.99,3173.99,0.099
2025-11-15T07:00:00+00:00,2025-11-15T07:00:00+00:00,3173.99,3173.99,3173.52,3173.53,117.945
2025-11-15T08:00:00+00:00,2025-11-15T08:00:00+00:00,3174.99,3175.99,3174.98,3175.99,60.756
2025-11-15T08:00:00+00:00,2025-11-15T08:00:00+00:00,3174.99,3175.99,3174.98,3175.99,60.756
2025-11-15T09:00:00+00:00,2025-11-15T09:00:00+00:00,3141.52,3141.52,3141.51,3141.51,21.82
2025-11-15T09:00:00+00:00,2025-11-15T09:00:00+00:00,3141.52,3141.82,3141.51,3141.8,66.309
2025-11-15T10:00:00+00:00,2025-11-15T10:00:00+00:00,3151.68,3151.69,3151.34,3151.37,160.323
2025-11-15T10:00:00+00:00,2025-11-15T10:00:00+00:00,3151.68,3151.69,3151.34,3151.35,161.981
2025-11-15T11:00:00+00:00,2025-11-15T11:00:00+00:00,3167.42,3167.67,3167.41,3167.67,43.184
2025-11-15T11:00:00+00:00,2025-11-15T11:00:00+00:00,3167.42,3167.42,3167.42,3167.42,0.003
2025-11-15T12:00:00+00:00,2025-11-15T12:00:00+00:00,3151.21,3151.22,3149.53,3149.53,863.554
2025-11-15T12:00:00+00:00,2025-11-15T12:00:00+00:00,3151.21,3151.22,3149.26,3149.27,904.193
2025-11-15T13:00:00+00:00,2025-11-15T13:00:00+00:00,3160.89,3160.89,3160.5,3160.51,84.646
2025-11-15T13:00:00+00:00,2025-11-15T13:00:00+00:00,3160.89,3160.89,3160.5,3160.51,84.646
2025-11-19T10:00:00+00:00,2025-11-19T10:00:00+00:00,3087.25,3112.96,3082.31,3089.36,156964.003
2025-11-19T10:00:00+00:00,2025-11-19T10:00:00+00:00,3087.25,3112.96,3082.31,3090.01,158928.564
2025-11-19T11:00:00+00:00,2025-11-19T11:00:00+00:00,3091.04,3097.7,3087.05,3093.81,18674.041
2025-11-19T12:00:00+00:00,2025-11-19T12:00:00+00:00,3082.5,3094.37,3079.84,3084.36,27152.454
2025-11-19T12:00:00+00:00,2025-11-19T12:00:00+00:00,3082.5,3094.37,3079.84,3084.56,27490.488
2025-11-20T10:00:00+00:00,2025-11-20T10:00:00+00:00,3010.06,3019.6,2992.0,3011.31,148502.019
2025-11-20T10:00:00+00:00,2025-11-20T10:00:00+00:00,3010.06,3019.6,2992.0,3012.09,149890.221
2025-11-20T10:00:00+00:00,2025-11-20T10:00:00+00:00,3010.06,3019.6,2992.0,3012.5,151506.502
2025-11-20T11:00:00+00:00,2025-11-20T11:00:00+00:00,3014.11,3014.11,3013.65,3013.65,152.981
2025-11-20T11:00:00+00:00,2025-11-20T11:00:00+00:00,3014.11,3014.11,3013.65,3013.65,152.981
