CloseTimeMs,Date,Open,High,Low,Close,Volume,TouchUpperQ,TouchLowerQ
1759760999999,2025-10-06 11:25:00,4642.43,4665.99,4632.98,4660.37,48583.583,1,0
1759761299999,2025-10-06 11:30:00,4660.37,4676.63,4658.22,4671.44,44206.526,0,0
1759761599999,2025-10-06 11:35:00,4670.19,4674.73,4663.62,4664.44,26824.12,0,0
1759761899999,2025-10-06 11:40:00,4664.43,4664.44,4647.02,4651.64,32005.862,0,0
1759762199999,2025-10-06 11:45:00,4651.65,4657.0,4650.73,4654.1,12377.807,0,0
1759762499999,2025-10-06 11:50:00,4654.09,4654.09,4642.0,4643.27,18549.963,0,1
1759762799999,2025-10-06 11:55:00,4643.28,4643.28,4633.35,4636.0,31395.328,0,0
1759763099999,2025-10-06 12:00:00,4637.14,4651.19,4636.38,4650.31,18904.831,0,1
1759763399999,2025-10-06 12:05:00,4650.17,4655.92,4646.02,4647.31,16652.384,0,0
1759763699999,2025-10-06 12:10:00,4648.15,4655.16,4647.62,4654.0,8783.674,0,0
1759763999999,2025-10-06 12:15:00,4654.01,4679.0,4654.0,4673.17,38663.584,0,0
1759764299999,2025-10-06 12:20:00,4673.04,4692.91,4673.04,4686.0,62411.342,0,0
1759764599999,2025-10-06 12:25:00,4686.0,4692.42,4684.64,4689.4,24120.522,0,0
1759764899999,2025-10-06 12:30:00,4689.85,4692.5,4673.66,4676.53,33197.213,0,0
1759765199999,2025-10-06 12:35:00,4676.08,4676.55,4670.0,4674.05,21637.73,0,0
1759765499999,2025-10-06 12:40:00,4673.66,4675.0,4659.3,4668.37,31670.594,0,0
1759765799999,2025-10-06 12:45:00,4668.56,4680.0,4668.0,4679.36,14871.979,0,0
1759766099999,2025-10-06 12:50:00,4679.58,4683.83,4677.65,4678.1,12298.04,0,0
1759766399999,2025-10-06 12:55:00,4678.11,4681.54,4670.37,4671.59,10274.406,0,0
1759766699999,2025-10-06 13:00:00,4671.24,4681.77,4670.59,4674.81,13738.675,0,0
1759766999999,2025-10-06 13:05:00,4675.35,4678.22,4663.02,4666.81,15775.383,0,0
1759767299999,2025-10-06 13:10:00,4667.74,4667.75,4658.57,4661.9,17856.804,0,0
1759767599999,2025-10-06 13:15:00,4661.92,4672.0,4661.15,4669.27,8550.323,0,0
1759767899999,2025-10-06 13:20:00,4668.7,4670.35,4661.04,4662.82,8627.984,0,0
1759768199999,2025-10-06 13:25:00,4662.44,4668.2,4657.56,4659.95,10174.609,0,0
1759768499999,2025-10-06 13:30:00,4659.89,4671.34,4659.19,4667.38,7003.186,0,0
1759768799999,2025-10-06 13:35:00,4667.39,4679.0,4666.19,4677.0,9955.393,0,0
1759769099999,2025-10-06 13:40:00,4677.66,4682.88,4671.0,4679.55,10535.393,0,0
1759769399999,2025-10-06 13:45:00,4680.32,4680.74,4672.91,4673.37,9007.212,0,0
1759769699999,2025-10-06 13:50:00,4673.37,4677.15,4668.36,4675.9,5055.685,0,0
1759769999999,2025-10-06 13:55:00,4675.9,4679.05,4673.99,4677.75,7724.137,0,0
1759770299999,2025-10-06 14:00:00,4676.59,4679.46,4672.27,4679.01,8076.967,0,0
1759770599999,2025-10-06 14:05:00,4679.01,4686.67,4672.6,4685.53,15020.88,0,0
1759770899999,2025-10-06 14:10:00,4685.57,4695.0,4681.88,4693.17,35044.744,1,0
1759771199999,2025-10-06 14:15:00,4692.46,4711.86,4687.0,4703.41,64420.727,1,0
1759771499999,2025-10-06 14:20:00,4703.42,4718.0,4703.41,4712.71,49154.703,0,0
1759771799999,2025-10-06 14:25:00,4712.69,4715.0,4700.99,4707.85,27199.122,0,0
1759772099999,2025-10-06 14:30:00,4707.85,4712.12,4695.94,4697.4,23596.136,0,0
1759772399999,2025-10-06 14:35:00,4697.39,4698.0,4687.0,4695.7,22154.256,1,0
1759772699999,2025-10-06 14:40:00,4695.09,4698.0,4691.69,4692.63,8367.203,1,0
1759772999999,2025-10-06 14:45:00,4692.64,4696.35,4689.48,4693.02,7953.283,1,0
1759773299999,2025-10-06 14:50:00,4692.58,4705.03,4685.0,4702.85,30976.658,1,0
1759773599999,2025-10-06 14:55:00,4703.96,4704.39,4692.51,4694.3,7794.282,1,0
1759773899999,2025-10-06 15:00:00,4694.3,4694.82,4688.8,4691.39,10182.514,0,0
1759774199999,2025-10-06 15:05:00,4691.9,4700.0,4689.01,4694.78,7119.648,1,0
1759774499999,2025-10-06 15:10:00,4694.78,4695.91,4689.21,4694.73,5125.308,1,0
1759774799999,2025-10-06 15:15:00,4694.72,4699.68,4694.72,4697.78,5592.65,1,0
1759775099999,2025-10-06 15:20:00,4697.78,4700.0,4690.39,4693.98,4995.826,1,0
1759775399999,2025-10-06 15:25:00,4693.61,4693.61,4686.52,4688.0,7061.978,0,0
1759775699999,2025-10-06 15:30:00,4687.28,4690.99,4680.0,4686.87,13944.197,0,0
1759775999999,2025-10-06 15:35:00,4687.16,4690.5,4683.0,4683.53,5674.215,0,0
1759776299999,2025-10-06 15:40:00,4683.52,4685.0,4677.67,4683.37,10890.671,0,0
1759776599999,2025-10-06 15:45:00,4683.36,4692.66,4682.0,4692.47,5860.818,0,0
1759776899999,2025-10-06 15:50:00,4692.47,4708.57,4692.16,4708.56,30358.796,1,0
1759777199999,2025-10-06 15:55:00,4708.57,4715.78,4706.08,4711.81,29040.056,0,0
1759777499999,2025-10-06 16:00:00,4710.0,4714.55,4698.82,4701.09,24586.516,0,0
1759777799999,2025-10-06 16:05:00,4702.42,4708.3,4696.95,4701.31,10686.608,0,0
1759778099999,2025-10-06 16:10:00,4701.41,4708.0,4701.09,4707.56,6012.089,0,0
1759778399999,2025-10-06 16:15:00,4707.68,4708.59,4693.83,4704.89,13564.056,0,0
1759778699999,2025-10-06 16:20:00,4701.69,4701.7,4693.64,4701.28,6964.729,0,0
1759778999999,2025-10-06 16:25:00,4701.28,4715.56,4701.28,4706.38,14915.229,0,0
1759779299999,2025-10-06 16:30:00,4706.31,4713.01,4703.73,4710.66,10822.876,0,0
1759779599999,2025-10-06 16:35:00,4709.75,4711.0,4696.54,4698.88,14212.909,0,0
1759779899999,2025-10-06 16:40:00,4698.78,4700.0,4692.92,4699.99,13662.158,0,0
1759780199999,2025-10-06 16:45:00,4700.5,4703.57,4693.18,4698.72,10240.779,0,0
1759780499999,2025-10-06 16:50:00,4697.58,4702.66,4695.24,4700.13,7921.868,0,0
1759780799999,2025-10-06 16:55:00,4700.13,4732.38,4697.92,4720.7,55756.229,0,0
1759781099999,2025-10-06 17:00:00,4720.85,4724.59,4713.67,4718.2,16789.322,0,0
1759781399999,2025-10-06 17:05:00,4719.12,4734.99,4719.12,4732.62,19310.844,0,0
1759781699999,2025-10-06 17:10:00,4731.92,4731.92,4708.53,4715.69,29357.722,0,0
1759781999999,2025-10-06 17:15:00,4715.69,4716.55,4701.0,4702.94,17893.811,0,0
1759782299999,2025-10-06 17:20:00,4701.66,4702.57,4694.38,4699.85,12425.37,0,0
1759782599999,2025-10-06 17:25:00,4699.85,4700.71,4694.0,4699.15,9685.906,0,0
1759782899999,2025-10-06 17:30:00,4699.16,4708.0,4695.48,4707.86,8374.414,0,0
1759783199999,2025-10-06 17:35:00,4707.87,4708.0,4698.88,4699.39,4927.591,0,0
1759783499999,2025-10-06 17:40:00,4699.17,4699.66,4686.0,4687.45,17510.463,0,0
1759783799999,2025-10-06 17:45:00,4687.44,4691.77,4685.0,4688.6,9670.503,0,0
1759784099999,2025-10-06 17:50:00,4688.6,4688.96,4686.27,4686.31,4297.511,0,0
1759784399999,2025-10-06 17:55:00,4685.86,4690.7,4684.0,4687.4,7217.723,0,0
1759784699999,2025-10-06 18:00:00,4686.99,4693.99,4686.98,4687.17,4145.875,0,0
1759784999999,2025-10-06 18:05:00,4687.18,4687.38,4683.0,4686.55,7193.824,0,1
1759785299999,2025-10-06 18:10:00,4686.55,4696.0,4685.29,4692.43,11847.482,0,0
1759785599999,2025-10-06 18:15:00,4691.35,4691.35,4682.72,4685.04,11874.637,0,1
1759785899999,2025-10-06 18:20:00,4683.85,4683.85,4670.4,4679.12,28295.42,0,1
1759786199999,2025-10-06 18:25:00,4679.34,4689.67,4678.48,4683.82,6638.753,0,1
1759786499999,2025-10-06 18:30:00,4685.12,4687.32,4673.69,4673.69,12278.842,0,1
1759786799999,2025-10-06 18:35:00,4673.68,4685.58,4672.22,4682.84,6094.054,0,1
1759787099999,2025-10-06 18:40:00,4682.84,4691.44,4681.19,4689.2,3741.309,0,1
1759787399999,2025-10-06 18:45:00,4689.2,4689.2,4684.35,4684.35,1223.438,0,0
1759787699999,2025-10-06 18:50:00,4684.14,4686.01,4676.44,4676.45,5592.372,0,1
1759787999999,2025-10-06 18:55:00,4676.34,4691.45,4675.78,4691.44,12122.013,0,1
1759788299999,2025-10-06 19:00:00,4691.78,4706.77,4689.27,4699.58,26484.673,0,0
1759788599999,2025-10-06 19:05:00,4698.12,4698.46,4691.94,4696.32,6289.317,0,0
1759788899999,2025-10-06 19:10:00,4696.31,4700.0,4694.23,4697.01,4840.95,0,0
1759789199999,2025-10-06 19:15:00,4697.0,4699.17,4694.77,4697.95,3427.064,0,0
1759789499999,2025-10-06 19:20:00,4696.85,4697.55,4690.78,4691.46,5715.895,0,0
1759789799999,2025-10-06 19:25:00,4691.46,4694.44,4687.38,4694.41,4435.24,0,0
1759790099999,2025-10-06 19:30:00,4694.41,4696.34,4688.98,4690.84,4360.271,0,0
1759790399999,2025-10-06 19:35:00,4690.38,4691.0,4683.58,4683.67,3752.155,0,0
1759790699999,2025-10-06 19:40:00,4683.35,4684.58,4680.01,4683.0,6745.908,0,1
1759790999999,2025-10-06 19:45:00,4683.0,4695.26,4682.61,4692.17,3839.465,0,1
1759791299999,2025-10-06 19:50:00,4692.17,4703.81,4691.11,4699.47,9255.057,0,0
1759791599999,2025-10-06 19:55:00,4699.35,4700.1,4694.45,4696.98,2741.003,0,0
1759791899999,2025-10-06 20:00:00,4696.99,4703.39,4695.47,4695.48,4668.725,0,0
1759792199999,2025-10-06 20:05:00,4695.47,4695.47,4687.3,4689.84,4165.431,0,0
1759792499999,2025-10-06 20:10:00,4689.85,4694.29,4688.45,4688.8,3274.725,0,0
1759792799999,2025-10-06 20:15:00,4690.14,4693.13,4685.64,4693.13,4396.474,0,0
1759793099999,2025-10-06 20:20:00,4693.12,4696.14,4688.0,4692.96,5442.848,0,0
1759793399999,2025-10-06 20:25:00,4693.4,4703.6,4692.15,4702.89,5569.172,0,0
1759793699999,2025-10-06 20:30:00,4702.89,4703.28,4695.67,4695.68,3453.781,0,0
1759793999999,2025-10-06 20:35:00,4696.13,4701.43,4694.39,4696.39,3230.326,0,0
1759794299999,2025-10-06 20:40:00,4696.59,4699.9,4693.29,4693.29,3149.09,0,0
1759794599999,2025-10-06 20:45:00,4693.3,4694.69,4689.37,4694.36,5122.596,0,0
1759794899999,2025-10-06 20:50:00,4694.36,4694.37,4687.0,4688.42,3509.175,0,0
1759795199999,2025-10-06 20:55:00,4688.41,4688.8,4682.0,4682.0,8815.452,0,1
1759795499999,2025-10-06 21:00:00,4682.42,4691.01,4681.16,4685.45,9747.94,0,1
1759795799999,2025-10-06 21:05:00,4684.54,4690.94,4683.93,4684.19,4206.304,0,0
1759796099999,2025-10-06 21:10:00,4684.2,4686.97,4680.61,4680.96,5487.266,0,1
1759796399999,2025-10-06 21:15:00,4680.61,4682.52,4675.32,4682.51,6373.979,0,0
1759796699999,2025-10-06 21:20:00,4682.51,4684.16,4675.0,4678.53,8596.27,0,1
1759796999999,2025-10-06 21:25:00,4678.94,4680.42,4674.66,4674.86,3786.879,0,0
1759797299999,2025-10-06 21:30:00,4674.6,4679.78,4671.39,4676.1,7008.428,0,0
1759797599999,2025-10-06 21:35:00,4675.35,4677.97,4670.27,4670.89,6109.979,0,0
1759797899999,2025-10-06 21:40:00,4670.89,4680.47,4670.88,4680.47,5451.916,0,0
1759798199999,2025-10-06 21:45:00,4680.46,4682.93,4670.26,4671.89,10218.244,0,0
1759798499999,2025-10-06 21:50:00,4672.9,4678.0,4671.29,4676.9,3999.911,0,0
1759798799999,2025-10-06 21:55:00,4677.28,4680.0,4676.55,4679.1,3271.032,0,0
1759799099999,2025-10-06 22:00:00,4678.01,4688.0,4677.03,4687.18,6147.444,0,1
1759799399999,2025-10-06 22:05:00,4686.77,4694.99,4684.68,4694.62,6167.792,0,0
1759799699999,2025-10-06 22:10:00,4694.62,4697.99,4688.3,4688.95,8212.358,0,0
1759799999999,2025-10-06 22:15:00,4688.65,4689.48,4673.79,4673.79,7514.21,0,1
1759800299999,2025-10-06 22:20:00,4674.11,4674.18,4660.03,4669.23,30777.978,0,0
1759800599999,2025-10-06 22:25:00,4669.36,4678.93,4665.18,4676.74,8481.934,0,0
1759800899999,2025-10-06 22:30:00,4677.13,4677.98,4668.1,4673.65,6848.946,0,0
1759801199999,2025-10-06 22:35:00,4673.17,4676.25,4671.0,4675.19,3500.601,0,0
1759801499999,2025-10-06 22:40:00,4675.3,4687.27,4675.3,4686.95,9171.933,0,0
1759801799999,2025-10-06 22:45:00,4686.96,4686.96,4673.1,4674.45,5581.797,0,0
1759802099999,2025-10-06 22:50:00,4674.67,4674.87,4671.88,4673.03,3277.382,0,0
1759802399999,2025-10-06 22:55:00,4673.05,4674.52,4671.0,4673.92,4585.393,0,0
1759802699999,2025-10-06 23:00:00,4674.25,4680.14,4672.06,4675.9,5308.877,0,0
1759802999999,2025-10-06 23:05:00,4676.18,4679.63,4673.28,4674.99,2649.243,0,0
1759803299999,2025-10-06 23:10:00,4674.99,4679.62,4674.99,4677.6,2987.709,0,0
1759803599999,2025-10-06 23:15:00,4677.61,4683.17,4677.35,4679.37,4787.233,0,0
1759803899999,2025-10-06 23:20:00,4679.37,4681.21,4666.91,4681.2,15100.507,0,0
1759804199999,2025-10-06 23:25:00,4682.43,4687.29,4680.89,4684.82,9944.883,0,1
1759804499999,2025-10-06 23:30:00,4684.83,4690.46,4681.76,4682.06,7172.62,0,1
1759804799999,2025-10-06 23:35:00,4682.07,4682.08,4672.61,4672.9,5135.117,0,0
1759805099999,2025-10-06 23:40:00,4672.9,4677.0,4672.65,4675.4,2510.971,0,0
1759805399999,2025-10-06 23:45:00,4675.4,4680.78,4675.4,4677.69,2691.365,0,0
1759805699999,2025-10-06 23:50:00,4677.69,4685.51,4676.55,4680.3,4425.537,0,0
1759805999999,2025-10-06 23:55:00,4680.01,4685.78,4679.36,4685.77,4784.984,0,0
1759806299999,2025-10-07 00:00:00,4684.83,4687.19,4676.56,4684.99,8401.121,0,1
1759806599999,2025-10-07 00:05:00,4684.99,4685.0,4679.92,4684.35,3259.683,0,0
1759806899999,2025-10-07 00:10:00,4684.35,4694.5,4683.99,4693.18,12973.261,0,0
1759807199999,2025-10-07 00:15:00,4693.01,4693.01,4681.0,4688.0,8277.002,0,0
1759807499999,2025-10-07 00:20:00,4688.01,4689.63,4682.54,4683.33,4293.537,0,0
1759807799999,2025-10-07 00:25:00,4683.33,4684.53,4680.0,4682.04,6409.786,0,0
1759808099999,2025-10-07 00:30:00,4681.8,4685.23,4678.99,4683.6,4123.12,0,0
1759808399999,2025-10-07 00:35:00,4682.01,4687.35,4681.3,4684.99,2395.859,0,0
1759808699999,2025-10-07 00:40:00,4684.99,4688.0,4684.03,4687.02,3837.354,0,0
1759808999999,2025-10-07 00:45:00,4688.58,4690.24,4687.04,4687.05,3312.789,0,0
1759809299999,2025-10-07 00:50:00,4687.05,4691.12,4685.99,4690.23,2952.187,0,0
1759809599999,2025-10-07 00:55:00,4690.24,4691.0,4687.3,4688.92,4069.744,0,0
1759809899999,2025-10-07 01:00:00,4688.74,4688.74,4682.5,4686.56,4029.487,0,0
1759810199999,2025-10-07 01:05:00,4687.73,4689.98,4682.24,4682.27,4292.462,0,0
1759810499999,2025-10-07 01:10:00,4682.09,4685.32,4678.06,4680.98,7707.605,0,1
1759810799999,2025-10-07 01:15:00,4680.97,4683.43,4677.08,4679.17,5287.182,0,0
1759811099999,2025-10-07 01:20:00,4679.17,4686.3,4678.0,4686.29,4233.199,0,0
1759811399999,2025-10-07 01:25:00,4685.54,4690.41,4685.54,4690.4,6178.946,0,0
1759811699999,2025-10-07 01:30:00,4690.4,4703.4,4690.39,4702.53,14191.764,1,0
1759811999999,2025-10-07 01:35:00,4702.53,4709.25,4699.65,4705.72,16710.023,0,0
1759812299999,2025-10-07 01:40:00,4704.84,4706.8,4700.51,4704.0,10732.002,0,0
1759812599999,2025-10-07 01:45:00,4704.69,4715.42,4702.91,4712.65,20917.535,0,0
1759812899999,2025-10-07 01:50:00,4712.65,4717.06,4710.01,4713.5,13686.565,0,0
1759813199999,2025-10-07 01:55:00,4713.5,4715.0,4710.24,4711.69,7120.753,0,0
1759813499999,2025-10-07 02:00:00,4711.69,4715.52,4705.15,4710.31,12488.943,0,0
1759813799999,2025-10-07 02:05:00,4710.0,4712.67,4704.69,4708.08,7931.029,0,0
1759814099999,2025-10-07 02:10:00,4708.08,4714.97,4707.82,4708.85,5837.036,0,0
1759814399999,2025-10-07 02:15:00,4708.68,4709.44,4703.0,4703.35,7532.497,0,0
1759814699999,2025-10-07 02:20:00,4703.34,4709.0,4703.15,4707.01,3547.404,0,0
1759814999999,2025-10-07 02:25:00,4707.01,4716.23,4704.0,4712.47,8019.111,0,0
1759815299999,2025-10-07 02:30:00,4712.63,4716.04,4710.2,4714.16,6279.079,0,0
1759815599999,2025-10-07 02:35:00,4714.01,4724.48,4712.8,4723.85,16994.474,0,0
1759815899999,2025-10-07 02:40:00,4724.7,4730.65,4721.29,4721.99,20724.397,0,0
1759816199999,2025-10-07 02:45:00,4722.0,4724.04,4713.14,4714.99,17725.226,0,0
1759816499999,2025-10-07 02:50:00,4715.55,4716.68,4706.13,4712.06,15856.559,0,0
1759816799999,2025-10-07 02:55:00,4711.82,4713.17,4706.54,4709.99,8931.382,0,0
1759817099999,2025-10-07 03:00:00,4709.42,4717.89,4708.57,4712.38,13716.311,0,0
1759817399999,2025-10-07 03:05:00,4712.38,4712.38,4703.14,4706.54,12637.886,0,0
1759817699999,2025-10-07 03:10:00,4706.55,4706.75,4696.0,4700.05,20585.94,0,0
1759817999999,2025-10-07 03:15:00,4700.22,4701.13,4689.0,4693.01,19373.757,0,0
1759818299999,2025-10-07 03:20:00,4693.01,4694.07,4680.0,4682.08,21202.4,0,1
1759818599999,2025-10-07 03:25:00,4682.09,4682.86,4675.02,4675.02,23338.365,0,0
1759818899999,2025-10-07 03:30:00,4675.02,4683.23,4672.42,4682.41,20458.959,0,0
1759819199999,2025-10-07 03:35:00,4682.28,4685.43,4671.2,4675.65,15424.982,0,1
1759819499999,2025-10-07 03:40:00,4675.21,4675.21,4663.48,4669.01,24221.945,0,0
1759819799999,2025-10-07 03:45:00,4668.89,4672.35,4664.0,4669.69,15130.898,0,0
1759820099999,2025-10-07 03:50:00,4670.06,4673.57,4667.32,4668.86,8692.025,0,0
1759820399999,2025-10-07 03:55:00,4668.85,4670.03,4666.22,4667.49,6654.55,0,0
1759820699999,2025-10-07 04:00:00,4667.49,4673.0,4665.34,4672.99,12501.97,0,0
1759820999999,2025-10-07 04:05:00,4672.99,4679.9,4670.53,4674.34,12518.532,0,0
1759821299999,2025-10-07 04:10:00,4674.34,4680.18,4671.66,4672.86,9980.393,0,0
1759821599999,2025-10-07 04:15:00,4672.85,4673.21,4662.01,4672.63,16110.032,0,0
1759821899999,2025-10-07 04:20:00,4672.64,4678.05,4672.07,4674.5,11100.274,0,0
1759822199999,2025-10-07 04:25:00,4674.49,4681.47,4671.45,4679.6,6823.662,0,0
1759822499999,2025-10-07 04:30:00,4679.6,4679.99,4676.55,4676.59,6833.464,0,0
1759822799999,2025-10-07 04:35:00,4676.58,4676.59,4665.17,4666.51,12063.363,0,0
1759823099999,2025-10-07 04:40:00,4666.9,4673.85,4665.0,4672.69,8851.666,0,0
1759823399999,2025-10-07 04:45:00,4672.7,4674.75,4669.39,4671.42,8425.744,0,0
1759823699999,2025-10-07 04:50:00,4671.42,4675.25,4670.88,4673.16,4573.071,0,0
1759823999999,2025-10-07 04:55:00,4673.35,4676.9,4671.58,4676.84,5558.481,0,0
1759824299999,2025-10-07 05:00:00,4676.84,4677.03,4668.37,4668.46,8006.698,0,0
1759824599999,2025-10-07 05:05:00,4668.45,4669.26,4643.0,4657.67,60747.991,0,0
1759824899999,2025-10-07 05:10:00,4657.86,4661.72,4649.42,4651.74,25593.005,0,0
1759825199999,2025-10-07 05:15:00,4651.63,4656.16,4643.24,4644.52,19509.695,0,0
1759825499999,2025-10-07 05:20:00,4645.0,4648.75,4636.0,4644.21,39600.626,0,1
1759825799999,2025-10-07 05:25:00,4644.55,4654.65,4644.55,4650.0,15304.546,0,0
1759826099999,2025-10-07 05:30:00,4650.23,4651.0,4637.02,4638.47,16573.675,0,1
1759826399999,2025-10-07 05:35:00,4638.34,4655.6,4637.86,4654.89,13549.826,0,1
1759826699999,2025-10-07 05:40:00,4655.09,4669.94,4654.29,4669.69,30445.695,0,0
1759826999999,2025-10-07 05:45:00,4670.72,4671.0,4658.68,4663.94,14020.349,0,0
1759827299999,2025-10-07 05:50:00,4663.99,4678.2,4662.24,4673.27,23633.522,0,0
1759827599999,2025-10-07 05:55:00,4673.27,4673.96,4667.32,4668.26,8172.986,0,0
1759827899999,2025-10-07 06:00:00,4668.88,4670.91,4666.38,4670.76,8319.854,0,0
1759828199999,2025-10-07 06:05:00,4670.39,4674.0,4669.0,4673.6,4962.729,0,0
1759828499999,2025-10-07 06:10:00,4673.6,4679.82,4672.96,4677.06,7807.757,0,0
1759828799999,2025-10-07 06:15:00,4677.05,4680.0,4670.09,4670.77,11109.073,0,0
1759829099999,2025-10-07 06:20:00,4670.76,4672.82,4666.67,4672.69,8092.847,0,0
1759829399999,2025-10-07 06:25:00,4672.35,4675.49,4671.09,4672.01,3616.179,0,0
1759829699999,2025-10-07 06:30:00,4671.8,4678.0,4671.09,4671.24,7955.722,0,0
1759829999999,2025-10-07 06:35:00,4671.74,4679.75,4670.33,4675.89,5445.403,0,0
1759830299999,2025-10-07 06:40:00,4675.18,4677.39,4673.57,4675.64,4213.279,0,0
1759830599999,2025-10-07 06:45:00,4675.65,4678.3,4674.54,4678.3,5411.52,0,0
1759830899999,2025-10-07 06:50:00,4678.4,4682.0,4675.59,4681.12,10089.351,0,0
1759831199999,2025-10-07 06:55:00,4680.4,4681.52,4675.22,4678.65,7332.741,0,0
1759831499999,2025-10-07 07:00:00,4678.65,4680.0,4671.46,4676.59,7623.188,0,0
1759831799999,2025-10-07 07:05:00,4676.6,4683.5,4673.38,4681.99,9292.994,0,0
1759832099999,2025-10-07 07:10:00,4682.0,4695.72,4681.44,4695.41,22936.459,0,0
1759832399999,2025-10-07 07:15:00,4695.41,4695.6,4685.89,4689.05,9069.06,0,0
1759832699999,2025-10-07 07:20:00,4689.99,4694.44,4685.36,4685.36,9144.691,0,0
1759832999999,2025-10-07 07:25:00,4685.36,4687.82,4683.33,4685.35,4328.957,0,0
1759833299999,2025-10-07 07:30:00,4685.74,4693.8,4683.0,4693.35,7394.139,0,0
1759833599999,2025-10-07 07:35:00,4693.35,4695.8,4691.18,4693.97,6843.551,0,0
1759833899999,2025-10-07 07:40:00,4693.97,4693.98,4689.13,4689.92,3924.37,0,0
1759834199999,2025-10-07 07:45:00,4689.92,4693.15,4688.32,4691.49,5270.829,0,0
1759834499999,2025-10-07 07:50:00,4691.49,4694.14,4691.21,4691.31,4003.544,0,0
1759834799999,2025-10-07 07:55:00,4691.66,4692.58,4689.04,4690.74,2382.167,0,0
1759835099999,2025-10-07 08:00:00,4690.08,4692.23,4687.65,4690.5,5195.825,0,0
1759835399999,2025-10-07 08:05:00,4690.5,4695.02,4690.5,4693.4,4172.94,0,0
1759835699999,2025-10-07 08:10:00,4693.54,4693.85,4684.86,4685.23,6895.979,0,0
1759835999999,2025-10-07 08:15:00,4684.86,4690.0,4684.85,4689.37,3613.865,0,0
1759836299999,2025-10-07 08:20:00,4689.37,4693.99,4688.36,4690.99,6653.628,0,0
1759836599999,2025-10-07 08:25:00,4691.0,4697.19,4690.62,4694.47,9298.419,1,0
1759836899999,2025-10-07 08:30:00,4694.47,4706.63,4694.05,4706.57,23092.16,1,0
1759837619999,2025-10-07 08:46:00,4695.41,4696.77,4694.74,4696.56,1280.887,0,0
1759837679999,2025-10-07 08:47:00,4696.57,4699.39,4695.54,4695.54,1248.167,0,0
1759837739999,2025-10-07 08:48:00,4695.54,4697.06,4694.51,4695.89,1250.982,0,0
1759837799999,2025-10-07 08:49:00,4695.88,4697.87,4694.47,4697.37,957.488,0,0
1759837859999,2025-10-07 08:50:00,4697.37,4697.38,4695.0,4695.67,634.571,0,0
1759837919999,2025-10-07 08:51:00,4695.67,4698.55,4695.4,4698.55,2045.279,0,0
1759837979999,2025-10-07 08:52:00,4698.55,4701.42,4697.97,4699.24,1235.951,0,0
1759838039999,2025-10-07 08:53:00,4699.23,4703.06,4699.23,4703.06,1468.998,0,0
1759838099999,2025-10-07 08:54:00,4702.71,4706.08,4702.7,4705.5,3930.699,0,0
1759838159999,2025-10-07 08:55:00,4705.5,4709.0,4705.26,4708.52,3919.464,0,0
1759838219999,2025-10-07 08:56:00,4708.28,4712.12,4705.23,4705.26,8644.824,0,0
1759838279999,2025-10-07 08:57:00,4705.25,4707.13,4703.76,4704.74,2709.987,0,0
1759838339999,2025-10-07 08:58:00,4704.75,4708.23,4704.56,4707.76,1757.172,0,0
1759838399999,2025-10-07 08:59:00,4707.76,4707.76,4706.3,4706.45,1130.876,0,0
1759838459999,2025-10-07 09:00:00,4706.44,4707.28,4705.08,4705.35,3257.863,0,0
1759838519999,2025-10-07 09:01:00,4705.35,4705.35,4703.0,4704.71,1871.292,0,0
1759838579999,2025-10-07 09:02:00,4704.7,4704.71,4701.19,4701.19,1117.051,0,0
1759838639999,2025-10-07 09:03:00,4700.5,4701.97,4699.48,4701.97,1304.8,0,0
1759838699999,2025-10-07 09:04:00,4702.34,4703.26,4700.64,4703.26,923.977,0,0
1759838759999,2025-10-07 09:05:00,4703.64,4704.0,4701.12,4703.54,840.863,0,0
1759838819999,2025-10-07 09:06:00,4703.54,4704.8,4703.53,4704.79,429.062,0,0
1759838879999,2025-10-07 09:07:00,4704.79,4706.46,4704.19,4705.43,2236.242,0,0
1759838939999,2025-10-07 09:08:00,4705.42,4709.35,4705.42,4708.97,2321.803,0,0
1759838999999,2025-10-07 09:09:00,4708.97,4708.98,4705.42,4708.43,983.28,0,0
1759839059999,2025-10-07 09:10:00,4708.43,4708.44,4700.4,4700.4,2232.568,0,0
1759839119999,2025-10-07 09:11:00,4700.4,4708.33,4700.4,4708.08,4714.233,0,0
1759839179999,2025-10-07 09:12:00,4708.09,4713.64,4707.04,4707.05,6826.252,0,0
1759839239999,2025-10-07 09:13:00,4706.97,4706.97,4703.81,4704.15,2439.557,0,0
1759839299999,2025-10-07 09:14:00,4703.83,4703.84,4701.9,4702.14,1786.021,0,0
1759839359999,2025-10-07 09:15:00,4702.98,4704.0,4699.46,4703.18,1607.16,0,0
1759839419999,2025-10-07 09:16:00,4703.19,4703.19,4698.43,4698.73,1231.413,0,0
1759839479999,2025-10-07 09:17:00,4698.0,4700.47,4694.0,4696.92,3827.892,0,0
1759839539999,2025-10-07 09:18:00,4697.07,4699.92,4697.06,4699.29,1687.469,0,0
1759839599999,2025-10-07 09:19:00,4698.71,4702.53,4697.3,4702.53,3429.677,0,0
1759839659999,2025-10-07 09:20:00,4702.52,4702.53,4700.0,4702.5,1872.0,0,0
1759839719999,2025-10-07 09:21:00,4702.54,4703.3,4701.0,4701.01,989.43,0,0
1759839779999,2025-10-07 09:22:00,4700.01,4703.46,4700.0,4703.43,764.167,0,0
1759839839999,2025-10-07 09:23:00,4703.8,4703.82,4701.86,4702.31,679.901,0,0
1759839899999,2025-10-07 09:24:00,4702.31,4702.32,4698.32,4698.32,1909.303,0,0
1759839959999,2025-10-07 09:25:00,4697.63,4697.63,4695.81,4697.63,1971.333,0,0
1759840019999,2025-10-07 09:26:00,4698.0,4698.0,4696.94,4697.31,828.763,0,0
1759840079999,2025-10-07 09:27:00,4697.31,4700.74,4697.31,4700.03,1780.066,0,0
1759840139999,2025-10-07 09:28:00,4700.02,4701.78,4700.02,4700.05,1382.327,0,0
1759840199999,2025-10-07 09:29:00,4700.04,4700.05,4698.81,4698.97,708.653,0,0
1759840259999,2025-10-07 09:30:00,4699.25,4700.0,4697.13,4699.31,1968.237,0,0
1759840319999,2025-10-07 09:31:00,4699.31,4699.32,4693.27,4697.99,5824.913,0,0
1759840379999,2025-10-07 09:32:00,4698.29,4703.82,4698.0,4703.29,3488.734,0,0
1759840439999,2025-10-07 09:33:00,4703.47,4703.88,4702.54,4703.39,1518.452,0,0
1759840499999,2025-10-07 09:34:00,4703.76,4703.77,4703.0,4703.75,527.951,0,0
1759840559999,2025-10-07 09:35:00,4703.75,4705.0,4703.75,4704.09,990.84,0,0
1759840619999,2025-10-07 09:36:00,4703.76,4703.76,4701.56,4701.8,844.677,0,0
1759840679999,2025-10-07 09:37:00,4701.8,4703.05,4701.16,4702.59,457.826,0,0
1759840739999,2025-10-07 09:38:00,4701.83,4704.24,4701.16,4703.98,906.993,0,0
1759840799999,2025-10-07 09:39:00,4703.99,4705.09,4703.72,4704.45,1285.487,0,0
1759840859999,2025-10-07 09:40:00,4704.21,4704.34,4701.16,4703.83,1003.355,0,0
1759840919999,2025-10-07 09:41:00,4703.83,4703.83,4701.62,4703.23,1043.385,0,0
1759840979999,2025-10-07 09:42:00,4704.0,4704.15,4702.36,4703.39,326.469,0,0
1759841039999,2025-10-07 09:43:00,4703.4,4703.4,4700.8,4700.8,771.624,0,0
1759842359999,2025-10-07 10:05:00,4739.64,4739.64,4731.45,4737.95,11081.0,0,0
1759842419999,2025-10-07 10:06:00,4737.95,4737.95,4733.0,4733.54,1879.646,0,0
1759842479999,2025-10-07 10:07:00,4733.56,4734.0,4731.49,4732.52,2556.055,0,0
1759842539999,2025-10-07 10:08:00,4733.48,4736.3,4732.56,4736.3,2477.427,0,0
1759842599999,2025-10-07 10:09:00,4736.3,4744.59,4736.3,4743.7,6446.133,0,0
1759842659999,2025-10-07 10:10:00,4743.7,4747.68,4741.79,4741.79,7202.016,0,0
1759842719999,2025-10-07 10:11:00,4741.35,4744.24,4740.39,4744.24,2265.79,0,0
1759842779999,2025-10-07 10:12:00,4743.3,4745.73,4743.0,4744.9,2274.999,0,0
1759842839999,2025-10-07 10:13:00,4744.69,4744.91,4739.66,4739.74,4594.909,0,0
1759842899999,2025-10-07 10:14:00,4739.74,4741.6,4739.21,4739.63,3305.523,0,0
1759842959999,2025-10-07 10:15:00,4739.63,4739.98,4734.68,4735.19,3642.791,0,0
1759843019999,2025-10-07 10:16:00,4734.99,4738.66,4730.19,4738.21,7640.388,0,0
1759843079999,2025-10-07 10:17:00,4738.49,4742.91,4737.68,4741.17,4949.068,0,0
1759843139999,2025-10-07 10:18:00,4740.94,4742.0,4739.4,4741.14,3482.816,0,0
1759843199999,2025-10-07 10:19:00,4740.69,4742.64,4738.2,4741.82,3071.881,0,0
1759843259999,2025-10-07 10:20:00,4742.0,4744.03,4741.6,4742.01,1789.162,0,0
1759843319999,2025-10-07 10:21:00,4742.02,4746.0,4738.85,4746.0,3934.113,0,0
1759843379999,2025-10-07 10:22:00,4746.0,4749.58,4743.99,4747.73,5907.49,0,0
1759843439999,2025-10-07 10:23:00,4746.73,4748.03,4744.21,4747.4,3762.88,0,0
1759843499999,2025-10-07 10:24:00,4746.1,4746.1,4742.37,4743.89,3072.443,0,0
1759843559999,2025-10-07 10:25:00,4744.0,4746.27,4744.0,4745.46,3282.441,0,0
1759843619999,2025-10-07 10:26:00,4745.38,4747.06,4744.16,4746.49,2531.586,0,0
1759843679999,2025-10-07 10:27:00,4745.76,4753.44,4745.25,4751.32,20406.017,0,0
1759843739999,2025-10-07 10:28:00,4751.31,4754.0,4748.14,4749.68,9440.414,0,0
1759843799999,2025-10-07 10:29:00,4749.68,4753.0,4749.68,4752.0,4107.422,0,0
1759843859999,2025-10-07 10:30:00,4751.85,4752.75,4746.31,4751.72,6423.589,0,0
1759843919999,2025-10-07 10:31:00,4748.66,4752.25,4742.32,4742.45,8141.412,0,0
1759843979999,2025-10-07 10:32:00,4742.73,4748.65,4739.49,4740.0,7521.899,0,0
1759844039999,2025-10-07 10:33:00,4740.14,4741.54,4735.91,4740.35,7597.344,0,0
1759844099999,2025-10-07 10:34:00,4740.29,4744.0,4737.43,4744.0,5577.212,0,0
1759844159999,2025-10-07 10:35:00,4743.29,4746.44,4739.53,4745.32,4041.354,0,0
1759844219999,2025-10-07 10:36:00,4746.39,4752.31,4741.19,4743.99,5447.939,0,0
1759844279999,2025-10-07 10:37:00,4744.49,4744.49,4739.08,4740.94,4316.13,0,0
1759844339999,2025-10-07 10:38:00,4741.92,4743.87,4718.16,4723.45,31330.087,,,,,0,0
1759844399999,2025-10-07 10:39:00,4726.89,4727.9,4702.96,4715.71,33799.251,,,,,0,0
1759844459999,2025-10-07 10:40:00,4715.63,4716.15,4706.46,4711.11,15547.492,,,,,0,0
1759844519999,2025-10-07 10:41:00,4710.91,4714.54,4705.42,4711.78,12572.736,,,,,0,0
