EntryTime,OrderTime,ExitTime,Direction,EntryPrice,ExitPrice,EntryReason,ExitReason,PnLAbs,PnLPct,Fees,Outcome
2024-11-05T13:29:59.999000-03:00,2024-11-05T12:59:59.999000-03:00,2024-11-05T17:29:59.999000-03:00,short,2441.87,2415.035080517917,bollinger_signal,bollinger_signal,24.406466941824064,0.009994990290975385,2.4284525402589585,win
2024-11-05T18:59:59.999000-03:00,2024-11-05T17:29:59.999000-03:00,2024-11-05T22:29:59.999000-03:00,long,2415.035080517917,2482.2379930741786,bollinger_signal,bollinger_signal,64.75427601946566,0.02681297532356291,2.448636536796048,win
2024-11-05T22:59:59.999000-03:00,2024-11-05T22:29:59.999000-03:00,2024-11-06T00:29:59.999000-03:00,short,2482.2379930741786,2606.3498927278874,bollinger_signal,stop_loss,-126.6561935966099,-0.05102499999999997,2.544293942901033,loss
2024-11-09T17:29:59.999000-03:00,2024-11-09T16:59:59.999000-03:00,2024-11-10T08:59:59.999000-03:00,short,3071.577364077104,3225.156232280959,bollinger_signal,stop_loss,-156.72723500203415,-0.05102499999999997,3.1483667981790315,loss
2024-11-11T02:29:59.999000-03:00,2024-11-10T18:59:59.999000-03:00,2024-11-11T13:29:59.999000-03:00,long,3139.811023538194,3296.801574715104,bollinger_signal,take_profit,153.77224487778312,0.04897500000000002,3.218306299126649,win
2024-11-11T14:59:59.999000-03:00,2024-11-11T14:29:59.999000-03:00,2024-11-12T09:59:59.999000-03:00,short,3290.088391217613,3250.8383748991323,bollinger_signal,bollinger_signal,35.97955293542253,0.010935740520365481,3.2704633830583725,win
2024-11-12T10:29:59.999000-03:00,2024-11-12T09:59:59.999000-03:00,2024-11-13T13:29:59.999000-03:00,long,3250.8383748991323,3321.0660999179718,bollinger_signal,bollinger_signal,66.94177278143091,0.020592156564384102,3.285952237408552,win
2024-11-14T17:59:59.999000-03:00,2024-11-14T13:29:59.999000-03:00,2024-11-15T06:59:59.999000-03:00,long,3096.7948339972936,3104.1906976729997,bollinger_signal,bollinger_signal,4.2953709098709485,0.001387037611505749,3.100492765835147,win
2024-11-15T07:29:59.999000-03:00,2024-11-15T06:59:59.999000-03:00,2024-11-17T00:29:59.999000-03:00,short,3104.1906976729997,3062.432810643136,bollinger_signal,bollinger_signal,38.674575275705855,0.012458827128338974,3.0833117541580677,win
2024-11-17T17:29:59.999000-03:00,2024-11-17T00:29:59.999000-03:00,2024-11-17T22:59:59.999000-03:00,long,3062.432810643136,3118.452441410849,bollinger_signal,bollinger_signal,52.92918814168636,0.017283379396190183,3.0904426260269924,win
2024-11-17T23:29:59.999000-03:00,2024-11-17T22:59:59.999000-03:00,2024-11-18T09:29:59.999000-03:00,short,3118.452441410849,3072.6042784018564,bollinger_signal,bollinger_signal,42.75263464908639,0.013709567630842,3.095528359906353,win
2024-11-18T10:29:59.999000-03:00,2024-11-18T09:29:59.999000-03:00,2024-11-18T13:59:59.999000-03:00,long,3072.6042784018564,3174.910488633176,bollinger_signal,bollinger_signal,99.1824528478022,0.03227960513658779,3.1237573835175163,win
2024-11-18T14:29:59.999000-03:00,2024-11-18T13:59:59.999000-03:00,2024-11-19T11:29:59.999000-03:00,short,3174.910488633176,3092.6443923354636,bollinger_signal,bollinger_signal,79.13231885722814,0.024924267673226665,3.13377744048432,win
2024-11-19T11:59:59.999000-03:00,2024-11-19T11:29:59.999000-03:00,2024-11-20T05:59:59.999000-03:00,long,3092.6443923354636,3126.196077506929,bollinger_signal,bollinger_signal,30.442264936544383,0.00984344175230421,3.1094202349211963,win
2024-11-20T06:29:59.999000-03:00,2024-11-20T05:59:59.999000-03:00,2024-11-20T13:59:59.999000-03:00,short,3126.196077506929,3084.0295047250265,bollinger_signal,bollinger_signal,39.06145999078671,0.012494884844823086,3.105112791115978,win
2024-11-20T14:29:59.999000-03:00,2024-11-20T13:59:59.999000-03:00,2024-11-21T02:29:59.999000-03:00,long,3084.0295047250265,3127.705341930999,bollinger_signal,bollinger_signal,40.56996978264457,0.013154857863871768,3.1058674233280126,win
2024-11-21T02:59:59.999000-03:00,2024-11-21T02:29:59.999000-03:00,2024-11-21T09:29:59.999000-03:00,short,3127.705341930999,3284.0906090275494,bollinger_signal,stop_loss,-159.59116507202953,-0.0510250000000001,3.2058979754792745,loss
2024-11-22T11:29:59.999000-03:00,2024-11-22T10:59:59.999000-03:00,2024-11-22T21:59:59.999000-03:00,long,3291.910056564512,3345.7905125389148,bollinger_signal,bollinger_signal,50.56160568985088,0.01535935211505072,3.318850284551713,win
2024-11-22T22:29:59.999000-03:00,2024-11-22T21:59:59.999000-03:00,2024-11-24T10:29:59.999000-03:00,short,3345.7905125389148,3326.9187368503312,bollinger_signal,bollinger_signal,15.535421063888888,0.004643273691424276,3.336354624694623,win
2024-11-24T10:59:59.999000-03:00,2024-11-24T10:29:59.999000-03:00,2024-11-24T20:59:59.999000-03:00,long,3326.9187368503312,3370.9601899492823,bollinger_signal,bollinger_signal,40.692513635551215,0.012231291730941325,3.3489394633998066,win
2024-11-25T00:59:59.999000-03:00,2024-11-24T20:59:59.999000-03:00,2024-11-25T12:59:59.999000-03:00,short,3370.9601899492823,3539.5081994467464,bollinger_signal,stop_loss,-172.00324369216216,-0.05102500000000001,3.455234194698014,loss
2024-11-25T21:29:59.999000-03:00,2024-11-25T19:59:59.999000-03:00,2024-11-27T00:29:59.999000-03:00,long,3409.069483044579,3370.5121516087884,bollinger_signal,bollinger_signal,-41.94712225311741,-0.012304566528123442,3.3897908173266837,loss
2024-11-27T01:29:59.999000-03:00,2024-11-27T00:29:59.999000-03:00,2024-11-27T12:29:59.999000-03:00,short,3370.5121516087884,3539.037759189228,bollinger_signal,stop_loss,-171.98038253583857,-0.05102500000000004,3.454774955399008,loss
2024-11-28T12:29:59.999000-03:00,2024-11-28T11:59:59.999000-03:00,2024-11-29T00:29:59.999000-03:00,long,3566.217389249005,3601.2782025083725,bollinger_signal,bollinger_signal,31.47706546348879,0.008826457287315683,3.5837477958786885,win
2024-11-29T11:59:59.999000-03:00,2024-11-29T11:29:59.999000-03:00,2024-12-02T06:29:59.999000-03:00,short,3614.4431969412153,3609.7670656370897,bollinger_signal,bollinger_signal,1.0640261728364946,0.0002943817663912785,3.6121051312891526,win
2024-12-02T06:59:59.999000-03:00,2024-12-02T06:29:59.999000-03:00,2024-12-03T18:59:59.999000-03:00,long,3609.7670656370897,3627.1863109729343,bollinger_signal,bollinger_signal,13.800768647539595,0.003823174292578319,3.618476688305012,win
2024-12-03T19:59:59.999000-03:00,2024-12-03T18:59:59.999000-03:00,2024-12-04T12:29:59.999000-03:00,short,3627.1863109729343,3808.545626521581,bollinger_signal,stop_loss,-185.07718151739417,-0.051025000000000056,3.7178659687472577,loss
2024-12-05T16:59:59.999000-03:00,2024-12-05T16:29:59.999000-03:00,2024-12-05T19:29:59.999000-03:00,long,3873.712308859145,3680.0266934161878,bollinger_signal,stop_loss,-197.4624849440951,-0.05097500000000005,3.776869501137667,loss
2024-12-06T13:29:59.999000-03:00,2024-12-06T12:59:59.999000-03:00,2024-12-08T03:29:59.999000-03:00,short,3998.7042723030913,3973.7980808926714,bollinger_signal,bollinger_signal,20.919940233822096,0.005231679766549243,3.986251176597882,win
2024-12-08T05:29:59.999000-03:00,2024-12-08T03:29:59.999000-03:00,2024-12-08T20:29:59.999000-03:00,long,3973.7980808926714,4009.0036022123236,bollinger_signal,bollinger_signal,31.214120478099737,0.007854984033584268,3.991400841552498,win
2024-12-08T20:59:59.999000-03:00,2024-12-08T20:29:59.999000-03:00,2024-12-09T00:29:59.999000-03:00,short,4009.0036022123236,3938.046553702182,bollinger_signal,bollinger_signal,66.98352343218446,0.016708272198912556,3.9735250779572526,win
2024-12-09T00:59:59.999000-03:00,2024-12-09T00:29:59.999000-03:00,2024-12-09T17:59:59.999000-03:00,long,3938.046553702182,3741.1442260170725,bollinger_signal,stop_loss,-200.74192307496904,-0.05097500000000008,3.8395953898596273,loss
2024-12-11T13:29:59.999000-03:00,2024-12-11T12:59:59.999000-03:00,2024-12-12T11:59:59.999000-03:00,short,3793.070087209345,3982.723591569812,bollinger_signal,stop_loss,-193.54140119985678,-0.05102499999999999,3.8878968393895783,loss
2024-12-12T18:59:59.999000-03:00,2024-12-12T17:59:59.999000-03:00,2024-12-13T12:29:59.999000-03:00,long,3867.030676474808,3948.892893526469,bollinger_signal,bollinger_signal,77.95425526666035,0.020158685510538434,3.9079617850006385,win
2024-12-13T12:59:59.999000-03:00,2024-12-13T12:29:59.999000-03:00,2024-12-14T07:59:59.999000-03:00,short,3948.892893526469,3894.468449844238,bollinger_signal,bollinger_signal,50.50276301054561,0.012789094151764968,3.9216806716853534,win
2024-12-14T08:29:59.999000-03:00,2024-12-14T07:59:59.999000-03:00,2024-12-15T22:59:59.999000-03:00,long,3894.468449844238,4010.057704085395,bollinger_signal,bollinger_signal,111.63699116419224,0.028665527170635377,3.9522630769648166,win
2024-12-15T23:29:59.999000-03:00,2024-12-15T22:59:59.999000-03:00,2024-12-16T09:29:59.999000-03:00,short,4010.057704085395,3917.982370295405,bollinger_signal,bollinger_signal,88.11131375279966,0.021972580011263426,3.9640200371904,win
2024-12-16T09:59:59.999000-03:00,2024-12-16T09:29:59.999000-03:00,2024-12-16T16:29:59.999000-03:00,long,3917.982370295405,4063.010537666197,bollinger_signal,bollinger_signal,141.03767091681104,0.035997525661703576,3.9904964539808008,win
2024-12-16T16:59:59.999000-03:00,2024-12-16T16:29:59.999000-03:00,2024-12-17T13:59:59.999000-03:00,short,4063.010537666197,3938.160920307622,bollinger_signal,bollinger_signal,120.84903162958805,0.029743716022701736,4.000585728986909,win
2024-12-17T15:59:59.999000-03:00,2024-12-17T13:59:59.999000-03:00,2024-12-18T16:29:59.999000-03:00,long,3938.160920307622,3893.3716285741084,bollinger_signal,bollinger_signal,-48.7050580079543,-0.012367462628761702,3.9157662744408652,loss
2024-12-18T19:29:59.999000-03:00,2024-12-18T18:59:59.999000-03:00,2024-12-19T14:59:59.999000-03:00,long,3686.9925493150295,3502.6429218492776,bollinger_signal,stop_loss,-187.944445201334,-0.0509750000000001,3.594817735582154,loss
2024-12-21T03:59:59.999000-03:00,2024-12-21T03:29:59.999000-03:00,2024-12-21T08:59:59.999000-03:00,short,3517.3361333030366,3426.973523239511,bollinger_signal,bollinger_signal,86.89045523525434,0.02470348352907,3.472154828271274,win
2024-12-21T09:29:59.999000-03:00,2024-12-21T08:59:59.999000-03:00,2024-12-22T07:59:59.999000-03:00,long,3426.973523239511,3390.082864863558,bollinger_signal,bollinger_signal,-40.299186570004615,-0.011759409956546696,3.4085281940515344,loss
2024-12-22T08:29:59.999000-03:00,2024-12-22T07:59:59.999000-03:00,2024-12-22T12:29:59.999000-03:00,short,3390.082864863558,3294.1833267385455,bollinger_signal,bollinger_signal,92.5574050292114,0.02730240195262501,3.3421330958010516,win
2024-12-22T12:59:59.999000-03:00,2024-12-22T12:29:59.999000-03:00,2024-12-23T01:29:59.999000-03:00,long,3294.1833267385455,3347.222520969749,bollinger_signal,bollinger_signal,49.71849130734936,0.015092812504935445,3.3207029238541472,win
2024-12-23T07:29:59.999000-03:00,2024-12-23T01:29:59.999000-03:00,2024-12-24T13:29:59.999000-03:00,short,3347.222520969749,3514.5836470182367,bollinger_signal,stop_loss,-170.79202913248167,-0.05102500000000007,3.430903083993993,loss
2024-12-26T02:59:59.999000-03:00,2024-12-26T02:29:59.999000-03:00,2024-12-26T23:59:59.999000-03:00,long,3436.065994453077,3369.06807543944,bollinger_signal,bollinger_signal,-70.40048604858359,-0.020488688564839198,3.4025670349462587,loss
2024-12-27T00:29:59.999000-03:00,2024-12-26T23:59:59.999000-03:00,2024-12-27T12:59:59.999000-03:00,short,3369.06807543944,3318.6842655523687,bollinger_signal,bollinger_signal,47.039933716575135,0.0139622983754757,3.3438761704959044,win
2024-12-27T13:29:59.999000-03:00,2024-12-27T12:59:59.999000-03:00,2024-12-28T09:29:59.999000-03:00,long,3318.6842655523687,3357.7258856776066,bollinger_signal,bollinger_signal,35.703415049622855,0.010758304253351532,3.3382050756149875,win
2024-12-28T09:59:59.999000-03:00,2024-12-28T09:29:59.999000-03:00,2024-12-29T12:59:59.999000-03:00,short,3357.7258856776066,3371.1884382817507,bollinger_signal,bollinger_signal,-16.827009766123773,-0.0050114304559224,3.364457161979679,loss
2024-12-29T13:29:59.999000-03:00,2024-12-29T12:59:59.999000-03:00,2024-12-29T23:29:59.999000-03:00,long,3371.1884382817507,3416.2779619365792,bollinger_signal,bollinger_signal,41.695790454719386,0.012368276415889458,3.393733200109165,win
2024-12-29T23:59:59.999000-03:00,2024-12-29T23:29:59.999000-03:00,2024-12-30T12:59:59.999000-03:00,short,3416.2779619365792,3312.077503799273,bollinger_signal,bollinger_signal,100.83628040443828,0.02951641568043761,3.3641777328679265,win
2024-12-30T18:59:59.999000-03:00,2024-12-30T12:59:59.999000-03:00,2024-12-31T05:59:59.999000-03:00,long,3312.077503799273,3380.629548785315,bollinger_signal,bollinger_signal,65.2056914597496,0.019687248074645707,3.3463535262922943,win
2024-12-31T06:29:59.999000-03:00,2024-12-31T05:59:59.999000-03:00,2024-12-31T15:59:59.999000-03:00,short,3380.629548785315,3354.358416302508,bollinger_signal,bollinger_signal,22.90363850026302,0.006774962523915839,3.3674939825439116,win
2024-12-31T16:59:59.999000-03:00,2024-12-31T15:59:59.999000-03:00,2025-01-01T17:29:59.999000-03:00,long,3354.358416302508,3356.9517373244657,bollinger_signal,bollinger_signal,-0.7623340548557236,-0.0002272667259260984,3.3556550768134867,loss
2025-01-01T17:59:59.999000-03:00,2025-01-01T17:29:59.999000-03:00,2025-01-02T19:59:59.999000-03:00,short,3356.9517373244657,3436.2011764871954,bollinger_signal,bollinger_signal,-82.64601561963552,-0.024619363662792923,3.3965764569058305,loss
2025-01-03T04:29:59.999000-03:00,2025-01-02T19:59:59.999000-03:00,2025-01-03T10:59:59.999000-03:00,long,3436.2011764871954,3482.608863645196,bollinger_signal,bollinger_signal,42.9482821379343,0.012498768242038737,3.459405020066196,win
2025-01-03T11:29:59.999000-03:00,2025-01-03T10:59:59.999000-03:00,2025-01-04T07:59:59.999000-03:00,short,3482.608863645196,3581.0997527861227,bollinger_signal,bollinger_signal,-102.02274344914247,-0.029294918678394663,3.5318543082156593,loss
2025-01-04T12:29:59.999000-03:00,2025-01-04T11:29:59.999000-03:00,2025-01-05T05:59:59.999000-03:00,short,3644.728250890891,3617.2093557597423,bollinger_signal,bollinger_signal,23.88792632782352,0.00655410353899074,3.630968803325317,win
2025-01-05T06:29:59.999000-03:00,2025-01-05T05:59:59.999000-03:00,2025-01-05T14:59:59.999000-03:00,long,3617.2093557597423,3635.520471865265,bollinger_signal,bollinger_signal,14.684751191710111,0.004059690702814129,3.626364913812504,win
2025-01-05T16:29:59.999000-03:00,2025-01-05T14:59:59.999000-03:00,2025-01-07T10:29:59.999000-03:00,short,3635.520471865265,3631.6427173007146,bollinger_signal,bollinger_signal,0.24417296996729698,6.716313987417047e-05,3.63358159458299,win
2025-01-07T10:59:59.999000-03:00,2025-01-07T10:29:59.999000-03:00,2025-01-07T12:59:59.999000-03:00,long,3631.6427173007146,3450.0605814356786,bollinger_signal,stop_loss,-185.12298751440417,-0.05097500000000007,3.5408516493681965,loss
2025-01-10T04:59:59.999000-03:00,2025-01-10T04:29:59.999000-03:00,2025-01-10T12:59:59.999000-03:00,short,3282.9015252606973,3235.001493752018,bollinger_signal,bollinger_signal,44.64107999917279,0.013598056370462654,3.258951509506358,win
2025-01-10T13:29:59.999000-03:00,2025-01-10T12:59:59.999000-03:00,2025-01-11T09:59:59.999000-03:00,long,3235.001493752018,3275.0795429611976,bollinger_signal,bollinger_signal,36.82300869082282,0.011382686765969548,3.255040518356608,win
2025-01-11T11:59:59.999000-03:00,2025-01-11T09:59:59.999000-03:00,2025-01-12T07:29:59.999000-03:00,short,3275.0795429611976,3232.9618136171816,bollinger_signal,bollinger_signal,38.86370866572678,0.011866493059459481,3.25402067828919,win
2025-01-12T07:59:59.999000-03:00,2025-01-12T07:29:59.999000-03:00,2025-01-12T12:59:59.999000-03:00,long,3232.9618136171816,3290.815044541575,bollinger_signal,bollinger_signal,54.591342495313924,0.016885860595499798,3.2618884290793786,win
2025-01-12T14:29:59.999000-03:00,2025-01-12T12:59:59.999000-03:00,2025-01-12T20:29:59.999000-03:00,short,3290.815044541575,3242.9397770511096,bollinger_signal,bollinger_signal,44.608390079669036,0.01355542304137095,3.2668774107963423,win
2025-01-12T23:59:59.999000-03:00,2025-01-12T20:29:59.999000-03:00,2025-01-13T08:59:59.999000-03:00,long,3242.9397770511096,3080.792788198554,bollinger_signal,stop_loss,-165.30885513518058,-0.05097500000000008,3.161866282624832,loss
2025-01-13T20:29:59.999000-03:00,2025-01-13T19:59:59.999000-03:00,2025-01-15T07:29:59.999000-03:00,short,3135.058036925989,3202.2337929122723,bollinger_signal,bollinger_signal,-70.34440190120222,-0.022437990325109528,3.1686459149191304,loss
2025-01-15T08:29:59.999000-03:00,2025-01-15T07:29:59.999000-03:00,2025-01-15T12:59:59.999000-03:00,long,3202.2337929122723,3338.4991890359224,bollinger_signal,bollinger_signal,132.99502963267605,0.041531954951897404,3.2703664909740975,win
2025-01-15T13:29:59.999000-03:00,2025-01-15T12:59:59.999000-03:00,2025-01-16T06:59:59.999000-03:00,short,3338.4991890359224,3316.4816202034494,bollinger_signal,bollinger_signal,18.6900784278533,0.005598347451823267,3.3274904046196863,win
2025-01-16T10:29:59.999000-03:00,2025-01-16T06:59:59.999000-03:00,2025-01-16T23:59:59.999000-03:00,long,3316.4816202034494,3384.1388744900114,bollinger_signal,bollinger_signal,64.30694403921524,0.01939011018407825,3.3503102473467306,win
2025-01-17T04:59:59.999000-03:00,2025-01-16T23:59:59.999000-03:00,2025-01-18T03:29:59.999000-03:00,short,3384.1388744900114,3305.978272831498,bollinger_signal,bollinger_signal,74.81554308485256,0.022107704754323134,3.3450585736607548,win
2025-01-18T04:29:59.999000-03:00,2025-01-18T03:29:59.999000-03:00,2025-01-18T23:59:59.999000-03:00,long,3305.978272831498,3360.660284205058,bollinger_signal,bollinger_signal,51.34869209504154,0.015532071858131878,3.333319278518278,win
2025-01-19T00:29:59.999000-03:00,2025-01-18T23:59:59.999000-03:00,2025-01-19T06:29:59.999000-03:00,short,3360.660284205058,3192.627269994805,bollinger_signal,take_profit,164.75637043315305,0.04902500000000003,3.2766437770999315,win
2025-01-19T07:29:59.999000-03:00,2025-01-19T06:59:59.999000-03:00,2025-01-19T11:29:59.999000-03:00,long,3195.365190901996,3355.133450447096,bollinger_signal,take_profit,156.4930102244256,0.04897500000000011,3.2752493206745457,win
2025-01-19T12:59:59.999000-03:00,2025-01-19T12:29:59.999000-03:00,2025-01-19T18:29:59.999000-03:00,short,3381.9188841727832,3212.822939964144,bollinger_signal,take_profit,165.79857329657068,0.04902499999999999,3.2973709120684633,win
2025-01-19T21:29:59.999000-03:00,2025-01-19T20:59:59.999000-03:00,2025-01-20T03:59:59.999000-03:00,long,3189.936707988443,3349.433543387865,bollinger_signal,take_profit,156.2271502737341,0.04897500000000004,3.2696851256881536,win
2025-01-20T05:29:59.999000-03:00,2025-01-20T04:59:59.999000-03:00,2025-01-20T14:59:59.999000-03:00,short,3404.187451290053,3233.9780787255504,bollinger_signal,take_profit,166.8902897994949,0.04902500000000001,3.319082765007802,win
2025-01-21T01:59:59.999000-03:00,2025-01-20T22:59:59.999000-03:00,2025-01-21T08:59:59.999000-03:00,long,3220.497658061392,3307.6205875297183,bollinger_signal,bollinger_signal,83.85887034553066,0.026039103036022786,3.264059122795555,win
2025-01-21T09:29:59.999000-03:00,2025-01-21T08:59:59.999000-03:00,2025-01-22T05:59:59.999000-03:00,short,3307.6205875297183,3282.1376073654424,bollinger_signal,bollinger_signal,22.188101066828306,0.006708176007393699,3.2948790974475806,win
2025-01-22T10:59:59.999000-03:00,2025-01-22T05:59:59.999000-03:00,2025-01-23T11:29:59.999000-03:00,long,3282.1376073654424,3234.3955505728663,bollinger_signal,bollinger_signal,-51.00032337154518,-0.015538752323210153,3.2582665789691547,loss
2025-01-23T11:59:59.999000-03:00,2025-01-23T11:29:59.999000-03:00,2025-01-24T02:59:59.999000-03:00,short,3234.3955505728663,3396.11532810151,bollinger_signal,stop_loss,-165.03503296798078,-0.051025000000000084,3.3152554393371885,loss
2025-01-24T18:59:59.999000-03:00,2025-01-24T18:29:59.999000-03:00,2025-01-25T13:59:59.999000-03:00,long,3339.3960404935337,3341.349920420357,bollinger_signal,bollinger_signal,-1.3864930536334987,-0.0004151927584571811,3.3403729804569458,loss
2025-01-25T14:29:59.999000-03:00,2025-01-25T13:59:59.999000-03:00,2025-01-25T21:59:59.999000-03:00,short,3341.349920420357,3318.915928052511,bollinger_signal,bollinger_signal,19.103859443609824,0.005717407604291403,3.330132924236434,win
2025-01-25T22:29:59.999000-03:00,2025-01-25T21:59:59.999000-03:00,2025-01-26T01:59:59.999000-03:00,long,3318.915928052511,3354.159754509697,bollinger_signal,bollinger_signal,31.907288615904957,0.009613768262767556,3.336537841281104,win
2025-01-26T07:59:59.999000-03:00,2025-01-26T07:29:59.999000-03:00,2025-01-26T16:29:59.999000-03:00,long,3301.8120697175505,3338.0566291706004,bollinger_signal,bollinger_signal,32.92462510360591,0.009971683550851642,3.3199343494440754,win
2025-01-26T16:59:59.999000-03:00,2025-01-26T16:29:59.999000-03:00,2025-01-26T22:59:59.999000-03:00,short,3338.0566291706004,3191.6270061733358,bollinger_signal,bollinger_signal,143.16478117959272,0.04288866160283343,3.264841817671968,win
2025-01-26T23:29:59.999000-03:00,2025-01-26T22:59:59.999000-03:00,2025-01-27T04:29:59.999000-03:00,long,3191.6270061733358,3032.045655864669,bollinger_signal,stop_loss,-162.69318663968596,-0.050975000000000055,3.1118363310190027,loss
2025-01-27T19:59:59.999000-03:00,2025-01-27T18:59:59.999000-03:00,2025-01-28T10:29:59.999000-03:00,short,3172.732841760499,3174.8450091756918,bollinger_signal,bollinger_signal,-5.285956340660839,-0.0016660578133416823,3.1737889254680955,loss
2025-01-28T10:59:59.999000-03:00,2025-01-28T10:29:59.999000-03:00,2025-01-29T17:59:59.999000-03:00,long,3174.8450091756918,3155.972065852721,bollinger_signal,bollinger_signal,-22.038351860485175,-0.006941552043262469,3.1654085375142063,loss
2025-01-29T18:59:59.999000-03:00,2025-01-29T17:59:59.999000-03:00,2025-01-31T00:59:59.999000-03:00,short,3155.972065852721,3226.370012546346,bollinger_signal,bollinger_signal,-73.5891177328248,-0.02331741732731134,3.1911710391995336,loss
2025-01-31T01:29:59.999000-03:00,2025-01-31T00:59:59.999000-03:00,2025-01-31T10:29:59.999000-03:00,long,3226.370012546346,3359.292647815548,bollinger_signal,bollinger_signal,129.6298039390212,0.04017821992980698,3.292831330180947,win
2025-01-31T10:59:59.999000-03:00,2025-01-31T10:29:59.999000-03:00,2025-02-01T05:59:59.999000-03:00,short,3359.292647815548,3267.170089538247,bollinger_signal,bollinger_signal,88.80932690862443,0.026436912832341234,3.3132313686768975,win
2025-02-01T06:29:59.999000-03:00,2025-02-01T05:59:59.999000-03:00,2025-02-01T20:29:59.999000-03:00,long,3267.170089538247,3103.8115850613344,bollinger_signal,stop_loss,-166.54399531421225,-0.050975000000000034,3.1854908372997905,loss
2025-02-03T14:59:59.999000-03:00,2025-02-03T14:29:59.999000-03:00,2025-02-03T19:29:59.999000-03:00,short,2712.627189050729,2848.258548503266,bollinger_signal,stop_loss,-138.4118023213138,-0.05102500000000012,2.7804428687769978,loss
2025-02-05T05:59:59.999000-03:00,2025-02-05T03:29:59.999000-03:00,2025-02-05T16:29:59.999000-03:00,short,2780.3073501887657,2723.2114120739525,bollinger_signal,bollinger_signal,54.34417873368182,0.019546104760681294,2.751759381131359,win
2025-02-06T02:29:59.999000-03:00,2025-02-06T01:59:59.999000-03:00,2025-02-06T10:59:59.999000-03:00,short,2827.051265768695,2775.1608390685224,bollinger_signal,bollinger_signal,49.089320647754,0.01736414236351185,2.801106052418609,win
2025-02-06T11:29:59.999000-03:00,2025-02-06T10:59:59.999000-03:00,2025-02-07T09:29:59.999000-03:00,long,2775.1608390685224,2763.501810557121,bollinger_signal,bollinger_signal,-14.428359836213996,-0.005199107609581594,2.7693313248128217,loss
2025-02-07T09:59:59.999000-03:00,2025-02-07T09:29:59.999000-03:00,2025-02-07T14:59:59.999000-03:00,short,2763.501810557121,2676.8666217550026,bollinger_signal,bollinger_signal,83.91500458596254,0.030365460324791788,2.7201842161560617,win
2025-02-07T15:29:59.999000-03:00,2025-02-07T14:59:59.999000-03:00,2025-02-08T15:59:59.999000-03:00,long,2676.8666217550026,2632.158409536022,bollinger_signal,bollinger_signal,-47.36272473462592,-0.017693345028738882,2.6545125156455125,loss
2025-02-08T16:29:59.999000-03:00,2025-02-08T15:59:59.999000-03:00,2025-02-09T11:59:59.999000-03:00,short,2632.158409536022,2625.4261244899726,bollinger_signal,bollinger_signal,4.103492779036586,0.0015589839745852984,2.6287922670129973,win
2025-02-09T12:29:59.999000-03:00,2025-02-09T11:59:59.999000-03:00,2025-02-10T11:29:59.999000-03:00,long,2625.4261244899726,2666.443812780107,bollinger_signal,bollinger_signal,38.371753321499135,0.014615438219178004,2.6459349686350397,win
2025-02-10T11:59:59.999000-03:00,2025-02-10T11:29:59.999000-03:00,2025-02-11T11:29:59.999000-03:00,short,2666.443812780107,2653.362517299271,bollinger_signal,bollinger_signal,10.421392315796016,0.003908348739938529,2.6599031650396894,win
2025-02-11T11:59:59.999000-03:00,2025-02-11T11:29:59.999000-03:00,2025-02-12T06:29:59.999000-03:00,long,2653.362517299271,2629.4268774593047,bollinger_signal,bollinger_signal,-26.577034537345657,-0.010016360133253533,2.641394697379288,loss
2025-02-12T06:59:59.999000-03:00,2025-02-12T06:29:59.999000-03:00,2025-02-12T11:59:59.999000-03:00,short,2629.4268774593047,2580.5935894618497,bollinger_signal,bollinger_signal,46.22827776399447,0.017581123156641173,2.605010233460577,win
2025-02-12T12:29:59.999000-03:00,2025-02-12T11:59:59.999000-03:00,2025-02-12T14:59:59.999000-03:00,long,2580.5935894618497,2676.893616371653,bollinger_signal,bollinger_signal,93.67128330688661,0.03629834767063053,2.6287436029167512,win
2025-02-12T16:59:59.999000-03:00,2025-02-12T14:59:59.999000-03:00,2025-02-13T06:29:59.999000-03:00,short,2676.893616371653,2661.0626046849775,bollinger_signal,bollinger_signal,13.162033576147223,0.004916905735681593,2.6689781105283155,win
2025-02-13T08:59:59.999000-03:00,2025-02-13T06:29:59.999000-03:00,2025-02-14T01:29:59.999000-03:00,long,2661.0626046849775,2711.433548307738,bollinger_signal,bollinger_signal,47.68469554626412,0.01791941890518173,2.6862480764963577,win
2025-02-14T05:29:59.999000-03:00,2025-02-14T01:29:59.999000-03:00,2025-02-15T05:29:59.999000-03:00,short,2711.433548307738,2699.892306716723,bollinger_signal,bollinger_signal,8.835578663502792,0.003258637361412475,2.7056629275122304,win
2025-02-15T06:29:59.999000-03:00,2025-02-15T05:29:59.999000-03:00,2025-02-16T03:59:59.999000-03:00,long,2699.892306716723,2712.053619207307,bollinger_signal,bollinger_signal,9.45533952762188,0.0035021172896782323,2.705972962962015,win
2025-02-16T14:59:59.999000-03:00,2025-02-16T11:59:59.999000-03:00,2025-02-17T04:59:59.999000-03:00,long,2684.592400134189,2688.6301429594464,bollinger_signal,bollinger_signal,1.3511315537104647,0.0005032911341188809,2.686611271546818,win
2025-02-17T05:29:59.999000-03:00,2025-02-17T04:59:59.999000-03:00,2025-02-17T11:59:59.999000-03:00,short,2688.6301429594464,2823.0616501074187,bollinger_signal,stop_loss,-137.18735304450573,-0.05102499999999999,2.7558458965334327,loss
2025-02-18T04:29:59.999000-03:00,2025-02-18T03:59:59.999000-03:00,2025-02-18T11:59:59.999000-03:00,long,2658.1168289812085,2716.04256922413,bollinger_signal,bollinger_signal,55.23866054381895,0.020781125924021402,2.6870796991026693,win
2025-02-18T15:59:59.999000-03:00,2025-02-18T15:29:59.999000-03:00,2025-02-19T04:59:59.999000-03:00,long,2620.0127375816774,2707.486867963124,bollinger_signal,bollinger_signal,84.81038057867428,0.03237021689327965,2.6637498027724007,win
2025-02-19T05:29:59.999000-03:00,2025-02-19T04:59:59.999000-03:00,2025-02-20T13:29:59.999000-03:00,short,2707.486867963124,2713.9465335701634,bollinger_signal,bollinger_signal,-9.170382307806014,-0.003387045904567953,2.710716700766644,loss
2025-02-20T13:59:59.999000-03:00,2025-02-20T13:29:59.999000-03:00,2025-02-20T16:59:59.999000-03:00,long,2713.9465335701634,2762.272196845726,bollinger_signal,bollinger_signal,45.58755391035447,0.01679751363796567,2.7381093652079445,win
2025-02-21T04:29:59.999000-03:00,2025-02-20T16:59:59.999000-03:00,2025-02-21T13:29:59.999000-03:00,short,2762.272196845726,2724.629541870784,bollinger_signal,bollinger_signal,34.89920410558345,0.012634237909441112,2.743450869358255,win
2025-02-21T13:59:59.999000-03:00,2025-02-21T13:29:59.999000-03:00,2025-02-22T08:59:59.999000-03:00,long,2724.629541870784,2740.994907532735,bollinger_signal,bollinger_signal,13.632553437249058,0.005003452112571854,2.7328122247017594,win
2025-02-22T09:59:59.999000-03:00,2025-02-22T08:59:59.999000-03:00,2025-02-23T00:29:59.999000-03:00,short,2740.994907532735,2750.9726042010366,bollinger_signal,bollinger_signal,-12.723680424168519,-0.004641993456172287,2.7459837558668863,loss
2025-02-23T00:59:59.999000-03:00,2025-02-23T00:29:59.999000-03:00,2025-02-23T05:29:59.999000-03:00,long,2750.9726042010366,2815.189945985591,bollinger_signal,bollinger_signal,61.43426050946095,0.02233183289998748,2.7830812750933136,win
2025-02-23T10:29:59.999000-03:00,2025-02-23T05:29:59.999000-03:00,2025-02-24T02:29:59.999000-03:00,short,2815.189945985591,2699.701185991193,bollinger_signal,bollinger_signal,112.7313144284093,0.04004394608937919,2.757445565988392,win
2025-02-24T05:29:59.999000-03:00,2025-02-24T02:29:59.999000-03:00,2025-02-24T19:29:59.999000-03:00,long,2699.701185991193,2564.7161266916332,bollinger_signal,stop_loss,-137.61726795590133,-0.0509750000000001,2.632208656341413,loss
2025-02-25T18:59:59.999000-03:00,2025-02-25T18:29:59.999000-03:00,2025-02-26T06:29:59.999000-03:00,short,2497.7697526207826,2464.1830815354624,bollinger_signal,bollinger_signal,31.105694668242055,0.012453387521249481,2.4809764170781228,win
2025-02-26T08:59:59.999000-03:00,2025-02-26T06:29:59.999000-03:00,2025-02-26T15:29:59.999000-03:00,long,2464.1830815354624,2340.973927458689,bollinger_signal,stop_loss,-125.61173258127037,-0.05097500000000007,2.4025785044970758,loss
2025-02-28T13:59:59.999000-03:00,2025-02-28T13:29:59.999000-03:00,2025-03-01T09:59:59.999000-03:00,short,2215.2218763541155,2170.4629163025875,bollinger_signal,bollinger_signal,42.56611765519964,0.019215284080372277,2.192842396328351,win
2025-03-01T10:29:59.999000-03:00,2025-03-01T09:59:59.999000-03:00,2025-03-02T01:59:59.999000-03:00,long,2170.4629163025875,2231.3097914179057,bollinger_signal,bollinger_signal,58.64598876145795,0.02702003721001701,2.2008863538602466,win
2025-03-02T02:59:59.999000-03:00,2025-03-02T01:59:59.999000-03:00,2025-03-02T12:29:59.999000-03:00,short,2231.3097914179057,2195.3391051257904,bollinger_signal,bollinger_signal,33.75736184384341,0.015128944431508992,2.213324448271848,win
2025-03-02T17:29:59.999000-03:00,2025-03-02T15:59:59.999000-03:00,2025-03-02T23:59:59.999000-03:00,short,2499.7532860295964,2428.447099803224,bollinger_signal,bollinger_signal,68.84208603345617,0.027539552170286096,2.4641001929164106,win
2025-03-03T00:29:59.999000-03:00,2025-03-02T23:59:59.999000-03:00,2025-03-03T11:59:59.999000-03:00,long,2428.447099803224,2307.0247448130626,bollinger_signal,stop_loss,-123.79009091246938,-0.05097500000000002,2.367735922308143,loss
2025-03-04T16:59:59.999000-03:00,2025-03-04T16:29:59.999000-03:00,2025-03-05T06:59:59.999000-03:00,short,2153.064530903247,2260.7177574484094,bollinger_signal,stop_loss,-109.86011768933822,-0.05102500000000002,2.2068911441758283,loss
2025-03-06T13:29:59.999000-03:00,2025-03-06T12:29:59.999000-03:00,2025-03-06T21:29:59.999000-03:00,long,2235.8307104983096,2124.039174973394,bollinger_signal,stop_loss,-113.97147046765147,-0.05097500000000006,2.179934942735852,loss
2025-03-07T12:59:59.999000-03:00,2025-03-07T12:29:59.999000-03:00,2025-03-07T14:29:59.999000-03:00,short,2214.86458572259,2156.808387890218,bollinger_signal,bollinger_signal,55.87036134556576,0.025225181578014302,2.185836486806404,win
2025-03-07T14:59:59.999000-03:00,2025-03-07T14:29:59.999000-03:00,2025-03-08T11:29:59.999000-03:00,long,2156.808387890218,2183.8722272402138,bollinger_signal,bollinger_signal,24.893499042430545,0.011541822250970227,2.170340307565216,win
2025-03-08T11:59:59.999000-03:00,2025-03-08T11:29:59.999000-03:00,2025-03-09T00:59:59.999000-03:00,short,2183.8722272402138,2178.4849211629116,bollinger_signal,bollinger_signal,3.206127503100565,0.0014680929878174182,2.181178574201563,win
2025-03-09T03:29:59.999000-03:00,2025-03-09T00:59:59.999000-03:00,2025-03-09T13:59:59.999000-03:00,long,2178.4849211629116,2069.560675104766,bollinger_signal,stop_loss,-111.04826885627969,-0.050975000000000124,2.1240227981338387,loss
2025-03-10T02:29:59.999000-03:00,2025-03-10T01:59:59.999000-03:00,2025-03-10T12:29:59.999000-03:00,short,2073.7540413915517,2011.0757524985324,bollinger_signal,bollinger_signal,60.63587399607423,0.029239665257209446,2.042414896945042,win
2025-03-10T13:29:59.999000-03:00,2025-03-10T12:29:59.999000-03:00,2025-03-10T14:59:59.999000-03:00,long,2011.0757524985324,1910.5219648736058,bollinger_signal,stop_loss,-102.51458648361267,-0.05097499999999999,1.9607988586860694,loss
2025-03-11T16:59:59.999000-03:00,2025-03-11T16:29:59.999000-03:00,2025-03-12T01:29:59.999000-03:00,short,1955.0594422894915,1857.3064701750168,bollinger_signal,take_profit,95.84678915824243,0.049025000000000055,1.906182956232254,win
2025-03-12T03:59:59.999000-03:00,2025-03-12T01:59:59.999000-03:00,2025-03-12T06:29:59.999000-03:00,long,1859.132577356456,1952.089206224279,bollinger_signal,take_profit,91.05101797603255,0.04897500000000007,1.9056108917903676,win
2025-03-14T09:29:59.999000-03:00,2025-03-14T08:59:59.999000-03:00,2025-03-15T23:29:59.999000-03:00,short,1902.2749368722348,1922.6287509163687,bollinger_signal,bollinger_signal,-22.266265888028272,-0.011705072414316193,1.912451843894302,loss
2025-03-15T23:59:59.999000-03:00,2025-03-15T23:29:59.999000-03:00,2025-03-17T16:29:59.999000-03:00,long,1922.6287509163687,1944.120226592261,bollinger_signal,bollinger_signal,19.558101187137847,0.010172583333010084,1.933374488754315,win
2025-03-17T16:59:59.999000-03:00,2025-03-17T16:29:59.999000-03:00,2025-03-17T23:29:59.999000-03:00,short,1944.120226592261,1904.4527167138203,bollinger_signal,bollinger_signal,37.74322340678753,0.019414037717690694,1.9242864716530408,win
2025-03-18T00:29:59.999000-03:00,2025-03-17T23:29:59.999000-03:00,2025-03-18T18:59:59.999000-03:00,long,1904.4527167138203,1913.384226784618,bollinger_signal,bollinger_signal,7.022591599048466,0.0036874591516066198,1.9089184717492191,win
2025-03-18T19:29:59.999000-03:00,2025-03-18T18:59:59.999000-03:00,2025-03-19T08:29:59.999000-03:00,short,1913.384226784618,2009.053438123849,bollinger_signal,stop_loss,-97.6304301716852,-0.051025000000000036,1.9612188324542335,loss
2025-03-20T10:59:59.999000-03:00,2025-03-20T08:29:59.999000-03:00,2025-03-20T22:29:59.999000-03:00,long,1983.8309148787796,1990.452428150025,bollinger_signal,bollinger_signal,4.6343715997310735,0.002336071872342131,1.9871416715144024,win
2025-03-20T22:59:59.999000-03:00,2025-03-20T22:29:59.999000-03:00,2025-03-21T07:59:59.999000-03:00,short,1990.452428150025,1961.2884450240565,bollinger_signal,bollinger_signal,27.18811268938153,0.013659262740909022,1.9758704365870408,win
2025-03-21T08:29:59.999000-03:00,2025-03-21T07:59:59.999000-03:00,2025-03-22T06:59:59.999000-03:00,long,1961.2884450240565,1994.5860646053811,bollinger_signal,bollinger_signal,31.319682326509906,0.015968932262855274,1.977937254814719,win
2025-03-22T07:29:59.999000-03:00,2025-03-22T06:59:59.999000-03:00,2025-03-22T20:59:59.999000-03:00,short,1994.5860646053811,1977.3909581514952,bollinger_signal,bollinger_signal,15.209117942507518,0.007625200141722923,1.9859885113784381,win
2025-03-22T21:29:59.999000-03:00,2025-03-22T20:59:59.999000-03:00,2025-03-23T01:29:59.999000-03:00,long,1977.3909581514952,2007.7526003764895,bollinger_signal,bollinger_signal,28.36907044573029,0.014346717996652655,1.9925717792639923,win
2025-03-23T04:59:59.999000-03:00,2025-03-23T01:29:59.999000-03:00,2025-03-23T15:59:59.999000-03:00,short,2007.7526003764895,1990.7319836599618,bollinger_signal,bollinger_signal,15.021374424509458,0.0074816859515921845,1.9992422920182258,win
2025-03-23T18:29:59.999000-03:00,2025-03-23T15:59:59.999000-03:00,2025-03-24T01:29:59.999000-03:00,long,1990.7319836599618,2015.8145296932676,bollinger_signal,bollinger_signal,23.079272776629175,0.01159336011379991,2.0032732566766147,win
2025-03-24T01:59:59.999000-03:00,2025-03-24T01:29:59.999000-03:00,2025-03-24T23:29:59.999000-03:00,short,2015.8145296932676,2065.1123332842244,bollinger_signal,bollinger_signal,-51.33826702244559,-0.02546775324129516,2.040463431488746,loss
2025-03-24T23:59:59.999000-03:00,2025-03-24T23:29:59.999000-03:00,2025-03-27T00:29:59.999000-03:00,long,2065.1123332842244,2031.7796576187884,bollinger_signal,bollinger_signal,-35.38112166088751,-0.017132783089150217,2.0484459954515066,loss
2025-03-27T00:59:59.999000-03:00,2025-03-27T00:29:59.999000-03:00,2025-03-27T09:29:59.999000-03:00,short,2031.7796576187884,2016.3250139845568,bollinger_signal,bollinger_signal,13.430591298429944,0.006610259753348634,2.0240523358016724,win
2025-03-27T09:59:59.999000-03:00,2025-03-27T09:29:59.999000-03:00,2025-03-28T01:59:59.999000-03:00,long,2016.3250139845568,1915.5087632853288,bollinger_signal,stop_loss,-102.78216758786296,-0.05097500000000009,1.9659168886349427,loss
2025-03-28T21:29:59.999000-03:00,2025-03-28T20:29:59.999000-03:00,2025-03-29T09:29:59.999000-03:00,short,1898.3499171519927,1849.388232018867,bollinger_signal,bollinger_signal,47.087816058540255,0.024804603004478724,1.8738690745854298,win
2025-03-29T09:59:59.999000-03:00,2025-03-29T09:29:59.999000-03:00,2025-03-30T00:29:59.999000-03:00,long,1849.388232018867,1839.9194128988972,bollinger_signal,bollinger_signal,-11.313472942428676,-0.00611741371906451,1.8446538224588822,loss
2025-03-30T00:59:59.999000-03:00,2025-03-30T00:29:59.999000-03:00,2025-03-30T08:29:59.999000-03:00,short,1839.9194128988972,1829.5422834254266,bollinger_signal,bollinger_signal,8.54239862530847,0.004642811291310546,1.834730848162162,win
2025-03-30T08:59:59.999000-03:00,2025-03-30T08:29:59.999000-03:00,2025-03-31T10:29:59.999000-03:00,long,1829.5422834254266,1825.8183095309503,bollinger_signal,bollinger_signal,-5.551654190954519,-0.0030344497862931233,1.8276802964781884,loss
2025-03-31T11:29:59.999000-03:00,2025-03-31T10:29:59.999000-03:00,2025-04-01T12:29:59.999000-03:00,short,1825.8183095309503,1917.1092250074978,bollinger_signal,stop_loss,-93.16237924381674,-0.051025,1.871463767269224,loss
2025-04-01T23:29:59.999000-03:00,2025-04-01T22:59:59.999000-03:00,2025-04-02T13:59:59.999000-03:00,long,1888.4518821183126,1903.208996924404,bollinger_signal,bollinger_signal,12.861284366569937,0.006810490904403234,1.895830439521358,win
2025-04-02T14:29:59.999000-03:00,2025-04-02T13:59:59.999000-03:00,2025-04-02T19:59:59.999000-03:00,short,1903.208996924404,1808.0485470781837,bollinger_signal,take_profit,93.30482107421892,0.04902500000000001,1.8556287720012938,win
2025-04-03T07:59:59.999000-03:00,2025-04-02T21:29:59.999000-03:00,2025-04-03T19:29:59.999000-03:00,long,1789.912293892769,1809.8430013289278,bollinger_signal,bollinger_signal,18.130829788548006,0.01012945151022813,1.7998776476108482,win
2025-04-03T19:59:59.999000-03:00,2025-04-03T19:29:59.999000-03:00,2025-04-04T08:59:59.999000-03:00,short,1809.8430013289278,1767.0360946643236,bollinger_signal,bollinger_signal,41.01846711660756,0.02266410240362761,1.7884395479966257,win
2025-04-05T17:59:59.999000-03:00,2025-04-04T08:59:59.999000-03:00,2025-04-05T22:59:59.999000-03:00,long,1767.0360946643236,1813.5390626500018,bollinger_signal,bollinger_signal,44.71268040702103,0.02530377310459802,1.7902875786571626,win
2025-04-06T06:59:59.999000-03:00,2025-04-06T05:59:59.999000-03:00,2025-04-06T14:29:59.999000-03:00,long,1790.6644000362262,1701.131180034415,bollinger_signal,stop_loss,-91.2791177918466,-0.050974999999999986,1.7458977900353208,loss
2025-04-08T01:29:59.999000-03:00,2025-04-07T23:59:59.999000-03:00,2025-04-08T13:29:59.999000-03:00,short,1596.479271041137,1516.65530748908,bollinger_signal,take_profit,78.26739626279186,0.049025000000000075,1.5565672892651088,win
2025-04-08T15:29:59.999000-03:00,2025-04-08T14:59:59.999000-03:00,2025-04-08T22:29:59.999000-03:00,long,1475.7458657272332,1401.9585724408714,bollinger_signal,stop_loss,-75.22614550544583,-0.050975000000000076,1.4388522190840523,loss
2025-04-09T16:29:59.999000-03:00,2025-04-09T15:59:59.999000-03:00,2025-04-10T00:59:59.999000-03:00,short,1627.9472334254403,1609.3461780131852,bollinger_signal,bollinger_signal,16.98240870653585,0.010431793093687912,1.6186467057193126,win
2025-04-10T01:29:59.999000-03:00,2025-04-10T00:59:59.999000-03:00,2025-04-10T12:29:59.999000-03:00,long,1609.3461780131852,1528.8788691125258,bollinger_signal,stop_loss,-82.03642142422227,-0.0509750000000001,1.5691125235628556,loss
2025-04-11T00:59:59.999000-03:00,2025-04-10T23:59:59.999000-03:00,2025-04-11T23:29:59.999000-03:00,short,1542.9657564628897,1552.5315499029339,bollinger_signal,bollinger_signal,-11.11354209322713,-0.007202714672491453,1.5477486531829119,loss
2025-04-11T23:59:59.999000-03:00,2025-04-11T23:29:59.999000-03:00,2025-04-12T06:29:59.999000-03:00,long,1552.5315499029339,1594.415148764246,bollinger_signal,bollinger_signal,40.31012551197848,0.025964126471052208,1.5734733493335897,win
2025-04-12T06:59:59.999000-03:00,2025-04-12T06:29:59.999000-03:00,2025-04-12T23:59:59.999000-03:00,short,1594.415148764246,1617.9966039145206,bollinger_signal,bollinger_signal,-25.187661026614062,-0.015797429575437616,1.6062058763393834,loss
2025-04-13T01:29:59.999000-03:00,2025-04-12T23:59:59.999000-03:00,2025-04-14T08:59:59.999000-03:00,long,1617.9966039145206,1674.8250927154825,bollinger_signal,bollinger_signal,55.18207795264685,0.03410518774831875,1.6464108483150017,win
2025-04-14T09:29:59.999000-03:00,2025-04-14T08:59:59.999000-03:00,2025-04-15T11:59:59.999000-03:00,short,1674.8250927154825,1618.3241117332955,bollinger_signal,bollinger_signal,54.85440637996261,0.032752319402514,1.6465746022243888,win
2025-04-15T12:29:59.999000-03:00,2025-04-15T11:59:59.999000-03:00,2025-04-16T12:59:59.999000-03:00,long,1618.3241117332955,1596.9026903898023,bollinger_signal,bollinger_signal,-23.029034744554743,-0.014230174646467848,1.6076134010615488,loss
2025-04-16T14:29:59.999000-03:00,2025-04-16T12:59:59.999000-03:00,2025-04-16T15:29:59.999000-03:00,short,1596.9026903898023,1554.7605891621909,bollinger_signal,bollinger_signal,40.56626958783542,0.02540309427240882,1.5758316397759966,win
2025-04-16T16:29:59.999000-03:00,2025-04-16T15:29:59.999000-03:00,2025-04-17T03:59:59.999000-03:00,long,1554.7605891621909,1603.3273097039491,bollinger_signal,bollinger_signal,46.987676592325215,0.03022180837349712,1.57904394943307,win
2025-04-17T04:29:59.999000-03:00,2025-04-17T03:59:59.999000-03:00,2025-04-17T12:29:59.999000-03:00,short,1603.3273097039491,1575.0505161090582,bollinger_signal,bollinger_signal,26.68760468198443,0.016645138220038325,1.5891889129065038,win
2025-04-18T02:29:59.999000-03:00,2025-04-17T12:29:59.999000-03:00,2025-04-18T19:29:59.999000-03:00,long,1575.0505161090582,1598.9670339107397,bollinger_signal,bollinger_signal,22.329509026671595,0.014177011339187723,1.587008775009899,win
2025-04-19T00:59:59.999000-03:00,2025-04-18T19:29:59.999000-03:00,2025-04-20T06:29:59.999000-03:00,short,1598.9670339107397,1589.2072559943883,bollinger_signal,bollinger_signal,8.165690771398804,0.00510685373633203,1.594087144952564,win
2025-04-20T06:59:59.999000-03:00,2025-04-20T06:29:59.999000-03:00,2025-04-20T17:59:59.999000-03:00,long,1589.2072559943883,1589.2610070864469,bollinger_signal,bollinger_signal,-1.5354830394818986,-0.0009661943297138586,1.5892341315404177,loss
2025-04-20T18:29:59.999000-03:00,2025-04-20T17:59:59.999000-03:00,2025-04-21T08:59:59.999000-03:00,short,1589.2610070864469,1623.8187377093614,bollinger_signal,bollinger_signal,-36.16427049531241,-0.022755400361587852,1.6065398723979043,loss
2025-04-21T09:59:59.999000-03:00,2025-04-21T08:59:59.999000-03:00,2025-04-21T21:59:59.999000-03:00,long,1623.8187377093614,1542.6278008238933,bollinger_signal,stop_loss,-82.77416015473472,-0.05097500000000001,1.5832232692666273,loss
2025-04-22T08:29:59.999000-03:00,2025-04-22T06:59:59.999000-03:00,2025-04-22T12:29:59.999000-03:00,short,1631.0209660052167,1712.5720143054775,bollinger_signal,stop_loss,-83.22284479041619,-0.05102500000000001,1.671796490155347,loss
2025-04-24T00:59:59.999000-03:00,2025-04-23T12:59:59.999000-03:00,2025-04-25T12:59:59.999000-03:00,long,1771.6585008321642,1807.7545980582324,bollinger_signal,bollinger_signal,34.306390676622996,0.019363997441103332,1.7897065494451985,win
2025-04-25T13:29:59.999000-03:00,2025-04-25T12:59:59.999000-03:00,2025-04-27T10:59:59.999000-03:00,short,1807.7545980582324,1791.5547322841126,bollinger_signal,bollinger_signal,14.4002111089487,0.007965799740969505,1.7996546651711725,win
2025-04-27T12:29:59.999000-03:00,2025-04-27T10:59:59.999000-03:00,2025-04-29T05:29:59.999000-03:00,long,1791.5547322841126,1822.8737122640703,bollinger_signal,bollinger_signal,29.511765757683612,0.016472712346364146,1.8072142222740912,win
2025-04-29T05:59:59.999000-03:00,2025-04-29T05:29:59.999000-03:00,2025-04-29T20:59:59.999000-03:00,short,1822.8737122640703,1785.8334311716794,bollinger_signal,bollinger_signal,35.235927520672966,0.019329878577769802,1.8043535717178747,win
2025-04-30T11:59:59.999000-03:00,2025-04-30T11:29:59.999000-03:00,2025-05-01T07:59:59.999000-03:00,long,1758.7235995523743,1846.659779529993,bollinger_signal,take_profit,86.13348828807767,0.04897500000000008,1.8026916895411838,win
2025-05-01T09:59:59.999000-03:00,2025-05-01T09:29:59.999000-03:00,2025-05-02T03:29:59.999000-03:00,short,1848.445596725302,1832.7203760715536,bollinger_signal,bollinger_signal,13.884637667350038,0.007511520864854232,1.8405829863984278,win
2025-05-02T03:59:59.999000-03:00,2025-05-02T03:29:59.999000-03:00,2025-05-02T12:29:59.999000-03:00,long,1832.7203760715536,1846.4514589169457,bollinger_signal,bollinger_signal,11.891496927897917,0.006488440398849827,1.8395859174942497,win
2025-05-02T13:29:59.999000-03:00,2025-05-02T12:29:59.999000-03:00,2025-05-03T03:59:59.999000-03:00,short,1846.4514589169457,1825.942141839139,bollinger_signal,bollinger_signal,18.673120277428783,0.010112976535208613,1.8361968003780424,win
2025-05-03T04:29:59.999000-03:00,2025-05-03T03:59:59.999000-03:00,2025-05-03T18:59:59.999000-03:00,long,1825.942141839139,1844.3576775454335,bollinger_signal,bollinger_signal,16.58038579660229,0.009080455188959093,1.8351499096922863,win
2025-05-03T19:59:59.999000-03:00,2025-05-03T18:59:59.999000-03:00,2025-05-04T06:59:59.999000-03:00,short,1844.3576775454335,1824.777260582394,bollinger_signal,bollinger_signal,17.745849493975484,0.009621696328226625,1.834567469063914,win
2025-05-04T07:29:59.999000-03:00,2025-05-04T06:59:59.999000-03:00,2025-05-04T17:59:59.999000-03:00,long,1824.777260582394,1835.9792174518138,bollinger_signal,bollinger_signal,9.371578630402642,0.005135738390016773,1.8303782390171042,win
2025-05-04T18:29:59.999000-03:00,2025-05-04T17:59:59.999000-03:00,2025-05-04T21:29:59.999000-03:00,short,1835.9792174518138,1809.939439469648,bollinger_signal,bollinger_signal,24.216818653705058,0.013190137678854548,1.8229593284607308,win
2025-05-04T22:29:59.999000-03:00,2025-05-04T21:29:59.999000-03:00,2025-05-06T22:59:59.999000-03:00,long,1809.939439469648,1848.7765620751006,bollinger_signal,bollinger_signal,37.007764604680204,0.02044696291911529,1.8293580007723744,win
2025-05-07T14:29:59.999000-03:00,2025-05-07T13:59:59.999000-03:00,2025-05-07T22:59:59.999000-03:00,long,1809.0278538967534,1828.4073518159535,bollinger_signal,bollinger_signal,17.560780316343696,0.009707302338389501,1.8187176028563536,win
2025-05-07T23:29:59.999000-03:00,2025-05-07T22:59:59.999000-03:00,2025-05-08T04:59:59.999000-03:00,short,1828.4073518159535,1919.8277194067512,bollinger_signal,stop_loss,-93.29448512640904,-0.05102500000000001,1.8741175356113522,loss
2025-05-11T05:59:59.999000-03:00,2025-05-11T05:29:59.999000-03:00,2025-05-12T04:59:59.999000-03:00,long,2480.0881974196736,2604.0926072906573,bollinger_signal,take_profit,121.46231946862846,0.04897499999999998,2.5420904023551656,win
2025-05-12T05:59:59.999000-03:00,2025-05-12T04:59:59.999000-03:00,2025-05-12T15:59:59.999000-03:00,short,2563.0622062241505,2434.909095912943,bollinger_signal,take_profit,125.6541246601389,0.04902499999999997,2.498985651068547,win
2025-05-12T23:29:59.999000-03:00,2025-05-12T16:29:59.999000-03:00,2025-05-13T09:29:59.999000-03:00,long,2434.5167406007513,2511.096922032372,bollinger_signal,bollinger_signal,74.10737460030397,0.030440281376753617,2.472806831316561,win
2025-05-13T09:59:59.999000-03:00,2025-05-13T09:29:59.999000-03:00,2025-05-13T15:59:59.999000-03:00,short,2511.096922032372,2636.6517681339906,bollinger_signal,stop_loss,-128.12872044670192,-0.051025000000000056,2.573874345083181,loss
2025-05-14T06:59:59.999000-03:00,2025-05-14T06:29:59.999000-03:00,2025-05-14T22:29:59.999000-03:00,long,2601.090770859192,2629.8523407541434,bollinger_signal,bollinger_signal,26.14609833914454,0.01005197459160872,2.6154715558066677,win
2025-05-15T06:59:59.999000-03:00,2025-05-15T05:29:59.999000-03:00,2025-05-15T14:59:59.999000-03:00,long,2533.0242740211866,2595.674902946071,bollinger_signal,bollinger_signal,60.086279336400956,0.02372116207201352,2.564349588483629,win
2025-05-16T02:59:59.999000-03:00,2025-05-15T14:59:59.999000-03:00,2025-05-16T20:29:59.999000-03:00,short,2595.674902946071,2546.852890429709,bollinger_signal,bollinger_signal,46.25074861967418,0.017818390341248023,2.5712638966878902,win
2025-05-16T20:59:59.999000-03:00,2025-05-16T20:29:59.999000-03:00,2025-05-17T18:29:59.999000-03:00,long,2546.852890429709,2488.234228066377,bollinger_signal,bollinger_signal,-61.13620592258012,-0.024004608256845614,2.5175435592480433,loss
2025-05-17T18:59:59.999000-03:00,2025-05-17T18:29:59.999000-03:00,2025-05-18T17:29:59.999000-03:00,short,2488.234228066377,2363.822516663058,bollinger_signal,take_profit,121.98568303095409,0.049024999999999985,2.426028372364718,win
2025-05-18T19:29:59.999000-03:00,2025-05-18T17:59:59.999000-03:00,2025-05-18T20:59:59.999000-03:00,long,2387.732624087993,2507.1192552923926,bollinger_signal,take_profit,116.9392052647095,0.04897500000000002,2.4474259396901927,win
2025-05-19T12:59:59.999000-03:00,2025-05-19T12:29:59.999000-03:00,2025-05-19T23:29:59.999000-03:00,short,2449.1344166596377,2571.5911374926195,bollinger_signal,stop_loss,-124.9670836100579,-0.05102499999999995,2.5103627770761285,loss
2025-05-20T10:59:59.999000-03:00,2025-05-20T10:29:59.999000-03:00,2025-05-20T20:59:59.999000-03:00,long,2479.63122814198,2531.157654598287,bollinger_signal,bollinger_signal,49.0210320149369,0.019769484856693387,2.5053944413701337,win
2025-05-20T21:29:59.999000-03:00,2025-05-20T20:59:59.999000-03:00,2025-05-21T15:29:59.999000-03:00,short,2531.157654598287,2471.1985248128185,bollinger_signal,bollinger_signal,57.45795169576302,0.022700265861109317,2.5011780897055527,win
2025-05-21T15:59:59.999000-03:00,2025-05-21T15:29:59.999000-03:00,2025-05-21T20:29:59.999000-03:00,long,2471.1985248128185,2594.7584510534593,bollinger_signal,take_profit,121.0269477527077,0.04897499999999996,2.532978487933139,win
2025-05-22T17:59:59.999000-03:00,2025-05-22T17:29:59.999000-03:00,2025-05-23T00:29:59.999000-03:00,long,2633.3117469491212,2710.7857454236027,bollinger_signal,bollinger_signal,74.80194972829514,0.02840603654882811,2.6720487461863622,win
2025-05-23T00:59:59.999000-03:00,2025-05-23T00:29:59.999000-03:00,2025-05-23T08:59:59.999000-03:00,short,2710.7857454236027,2575.2464581524223,bollinger_signal,take_profit,132.89627116939243,0.04902500000000012,2.643016101788013,win
2025-05-23T13:29:59.999000-03:00,2025-05-23T10:29:59.999000-03:00,2025-05-25T20:29:59.999000-03:00,long,2547.6707706329057,2543.1055737975908,bollinger_signal,bollinger_signal,-7.110585007530212,-0.0027910140860797975,2.5453881722152483,loss
2025-05-25T20:59:59.999000-03:00,2025-05-25T20:29:59.999000-03:00,2025-05-26T11:59:59.999000-03:00,short,2543.1055737975908,2547.3622534095416,bollinger_signal,bollinger_signal,-6.801913525554424,-0.0026746485067850345,2.545233913603566,loss
2025-05-26T12:29:59.999000-03:00,2025-05-26T11:59:59.999000-03:00,2025-05-27T03:59:59.999000-03:00,long,2547.3622534095416,2585.3514649948065,bollinger_signal,bollinger_signal,35.42285472606274,0.01390569977970376,2.5663568592021737,win
2025-05-27T04:29:59.999000-03:00,2025-05-27T03:59:59.999000-03:00,2025-05-27T23:59:59.999000-03:00,short,2585.3514649948065,2624.5095051807466,bollinger_signal,bollinger_signal,-41.76297067102786,-0.01615369176550692,2.6049304850877766,loss
2025-05-28T03:29:59.999000-03:00,2025-05-27T23:59:59.999000-03:00,2025-05-28T10:59:59.999000-03:00,long,2624.5095051807466,2670.5523867793927,bollinger_signal,bollinger_signal,43.39535065266602,0.0165346517385455,2.6475309459800695,win
2025-05-28T20:29:59.999000-03:00,2025-05-28T10:59:59.999000-03:00,2025-05-29T11:59:59.999000-03:00,short,2670.5523867793927,2657.2026734679034,bollinger_signal,bollinger_signal,10.685835781365618,0.00400135785924515,2.6638775301236484,win
2025-05-29T12:29:59.999000-03:00,2025-05-29T11:59:59.999000-03:00,2025-05-30T19:59:59.999000-03:00,long,2657.2026734679034,2524.342539794508,bollinger_signal,stop_loss,-135.4509062800267,-0.05097500000000012,2.5907726066312056,loss
2025-05-31T11:29:59.999000-03:00,2025-05-31T10:59:59.999000-03:00,2025-05-31T21:59:59.999000-03:00,short,2533.489275827662,2521.262080474411,bollinger_signal,bollinger_signal,9.699819675099826,0.003828640510795534,2.5273756781510364,win
2025-05-31T22:29:59.999000-03:00,2025-05-31T21:59:59.999000-03:00,2025-06-01T14:59:59.999000-03:00,long,2521.262080474411,2543.6195523680008,bollinger_signal,bollinger_signal,19.82503107716851,0.007863137763702118,2.532440816421206,win
2025-06-01T19:29:59.999000-03:00,2025-06-01T14:59:59.999000-03:00,2025-06-02T01:29:59.999000-03:00,short,2543.6195523680008,2494.612856977964,bollinger_signal,bollinger_signal,46.487579185363856,0.018276152635360077,2.5191162046729825,win
2025-06-02T01:59:59.999000-03:00,2025-06-02T01:29:59.999000-03:00,2025-06-02T13:29:59.999000-03:00,long,2494.612856977964,2544.7257200823246,bollinger_signal,bollinger_signal,47.59319381583057,0.01907838872981924,2.5196692885301446,win
2025-06-02T13:59:59.999000-03:00,2025-06-02T13:29:59.999000-03:00,2025-06-03T19:29:59.999000-03:00,short,2544.7257200823246,2590.2002951314553,bollinger_signal,bollinger_signal,-48.042038056737525,-0.018879063341719717,2.56746300760689,loss
2025-06-03T20:29:59.999000-03:00,2025-06-03T19:29:59.999000-03:00,2025-06-04T00:59:59.999000-03:00,long,2590.2002951314553,2633.9577409222147,bollinger_signal,bollinger_signal,41.145366772732615,0.01588501354511831,2.612079018026835,win
2025-06-04T01:59:59.999000-03:00,2025-06-04T00:59:59.999000-03:00,2025-06-05T11:59:59.999000-03:00,short,2633.9577409222147,2581.475778495103,bollinger_signal,bollinger_signal,49.87424566740308,0.018935097132553407,2.607716759708659,win
2025-06-05T12:29:59.999000-03:00,2025-06-05T11:59:59.999000-03:00,2025-06-05T17:29:59.999000-03:00,long,2581.475778495103,2452.4019895703477,bollinger_signal,stop_loss,-131.590727808788,-0.05097500000000004,2.516938884032726,loss
2025-06-06T13:29:59.999000-03:00,2025-06-06T12:29:59.999000-03:00,2025-06-06T21:59:59.999000-03:00,short,2513.2438062571055,2468.683822489803,bollinger_signal,bollinger_signal,42.06901995292913,0.016738933106367104,2.4909638143734543,win
2025-06-06T22:59:59.999000-03:00,2025-06-06T21:59:59.999000-03:00,2025-06-07T04:29:59.999000-03:00,long,2468.683822489803,2500.1192889735566,bollinger_signal,bollinger_signal,28.95106492802209,0.011727328005424104,2.48440155573168,win
2025-06-07T08:59:59.999000-03:00,2025-06-07T04:29:59.999000-03:00,2025-06-08T07:59:59.999000-03:00,short,2500.1192889735566,2496.4767041731543,bollinger_signal,bollinger_signal,1.1442868038289906,0.00045769288244593576,2.498297996573356,win
2025-06-08T14:59:59.999000-03:00,2025-06-08T14:29:59.999000-03:00,2025-06-08T23:29:59.999000-03:00,short,2527.7883198523814,2491.5317557684416,bollinger_signal,bollinger_signal,33.74690404612938,0.013350367901098673,2.5096600378104115,win
2025-06-08T23:59:59.999000-03:00,2025-06-08T23:29:59.999000-03:00,2025-06-09T09:29:59.999000-03:00,long,2491.5317557684416,2543.231095610017,bollinger_signal,bollinger_signal,49.18195841588601,0.019739647428542305,2.517381425689229,win
2025-06-09T09:59:59.999000-03:00,2025-06-09T09:29:59.999000-03:00,2025-06-09T20:59:59.999000-03:00,short,2543.231095610017,2670.3926503905177,bollinger_signal,stop_loss,-129.76836665350112,-0.051025,2.606811873000267,loss
2025-06-11T06:59:59.999000-03:00,2025-06-11T06:29:59.999000-03:00,2025-06-11T10:59:59.999000-03:00,long,2767.9437040992334,2814.399862503848,bollinger_signal,bollinger_signal,43.664986621313055,0.01577524375103679,2.791171783301541,win
2025-06-11T11:29:59.999000-03:00,2025-06-11T10:59:59.999000-03:00,2025-06-11T20:29:59.999000-03:00,short,2814.399862503848,2753.392710548825,bollinger_signal,bollinger_signal,58.223255668496556,0.020687627385220904,2.783896286526337,win
2025-06-11T22:59:59.999000-03:00,2025-06-11T20:29:59.999000-03:00,2025-06-12T17:59:59.999000-03:00,long,2753.392710548825,2615.723075021384,bollinger_signal,stop_loss,-140.3541934202263,-0.05097499999999998,2.684557892785105,loss
2025-06-13T19:29:59.999000-03:00,2025-06-13T13:59:59.999000-03:00,2025-06-14T04:59:59.999000-03:00,short,2567.1940968372182,2532.4861025803325,bollinger_signal,bollinger_signal,32.158154157176966,0.012526576855562186,2.5498400997087756,win
2025-06-14T05:29:59.999000-03:00,2025-06-14T04:59:59.999000-03:00,2025-06-15T03:29:59.999000-03:00,long,2532.4861025803325,2547.474620031086,bollinger_signal,bollinger_signal,12.448537089447825,0.00491554013929794,2.5399803613057093,win
2025-06-15T17:59:59.999000-03:00,2025-06-15T07:29:59.999000-03:00,2025-06-16T03:29:59.999000-03:00,long,2509.650345186548,2613.6245822653627,bollinger_signal,bollinger_signal,101.41259961508894,0.040409055313062235,2.561637463725955,win
2025-06-16T03:59:59.999000-03:00,2025-06-16T03:29:59.999000-03:00,2025-06-16T21:29:59.999000-03:00,short,2613.6245822653627,2559.6790643934105,bollinger_signal,bollinger_signal,51.35886604862285,0.01965043732643021,2.5866518233293863,win
2025-06-16T21:59:59.999000-03:00,2025-06-16T21:29:59.999000-03:00,2025-06-19T07:59:59.999000-03:00,long,2559.6790643934105,2539.3245298949096,bollinger_signal,bollinger_signal,-22.904036295645085,-0.00894801094959647,2.5495017971441603,loss
2025-06-19T12:59:59.999000-03:00,2025-06-19T12:29:59.999000-03:00,2025-06-20T06:29:59.999000-03:00,long,2499.023516231995,2555.1956211561082,bollinger_signal,bollinger_signal,53.64499535541918,0.02146638277190149,2.5271095686940517,win
2025-06-20T07:29:59.999000-03:00,2025-06-20T06:29:59.999000-03:00,2025-06-20T12:59:59.999000-03:00,short,2555.1956211561082,2492.3714953767294,bollinger_signal,bollinger_signal,60.30034222111243,0.023599109877086164,2.5237835582664188,win
2025-06-20T13:29:59.999000-03:00,2025-06-20T12:59:59.999000-03:00,2025-06-20T14:59:59.999000-03:00,long,2492.3714953767294,2367.752920607893,bollinger_signal,stop_loss,-127.04863697682873,-0.05097499999999998,2.4300622079923113,loss
2025-06-21T06:59:59.999000-03:00,2025-06-21T06:29:59.999000-03:00,2025-06-21T15:29:59.999000-03:00,short,2438.553373842088,2399.8474046360643,bollinger_signal,bollinger_signal,36.286768816784765,0.014880448878431875,2.419200389239076,win
2025-06-21T15:59:59.999000-03:00,2025-06-21T15:29:59.999000-03:00,2025-06-21T18:59:59.999000-03:00,long,2399.8474046360643,2279.855034404261,bollinger_signal,stop_loss,-122.33222145132346,-0.050975000000000034,2.339851219520163,loss
2025-06-22T21:29:59.999000-03:00,2025-06-22T20:59:59.999000-03:00,2025-06-23T13:59:59.999000-03:00,short,2234.715328855031,2217.091651616838,bollinger_signal,bollinger_signal,15.397773747957133,0.006890261837442297,2.2259034902359347,win
2025-06-23T14:29:59.999000-03:00,2025-06-23T13:59:59.999000-03:00,2025-06-23T16:29:59.999000-03:00,long,2217.091651616838,2309.099010294677,bollinger_signal,bollinger_signal,89.7442633468832,0.04047837322441597,2.2630953309557578,win
2025-06-23T16:59:59.999000-03:00,2025-06-23T16:29:59.999000-03:00,2025-06-23T19:29:59.999000-03:00,short,2309.099010294677,2424.553960809411,bollinger_signal,stop_loss,-117.82177700028585,-0.05102499999999998,2.366826485552044,loss
2025-06-25T07:59:59.999000-03:00,2025-06-25T07:29:59.999000-03:00,2025-06-26T00:59:59.999000-03:00,long,2420.9163067889826,2489.7990625773655,bollinger_signal,bollinger_signal,66.42739810369966,0.027438948598684353,2.455357684683174,win
2025-06-26T01:29:59.999000-03:00,2025-06-26T00:59:59.999000-03:00,2025-06-26T08:59:59.999000-03:00,short,2489.7990625773655,2445.5133904704376,bollinger_signal,bollinger_signal,41.818015880404005,0.016795739266250363,2.4676562265239017,win
2025-06-26T09:29:59.999000-03:00,2025-06-26T08:59:59.999000-03:00,2025-06-28T05:29:59.999000-03:00,long,2445.5133904704376,2428.9741259847874,bollinger_signal,bollinger_signal,-18.976508243877777,-0.007759723711930815,2.4372437582276127,loss
2025-06-28T07:59:59.999000-03:00,2025-06-28T05:29:59.999000-03:00,2025-06-30T07:29:59.999000-03:00,short,2428.9741259847874,2449.5621651370075,bollinger_signal,bollinger_signal,-23.02730729778096,-0.009480260432352247,2.4392681455608973,loss
2025-06-30T07:59:59.999000-03:00,2025-06-30T07:29:59.999000-03:00,2025-06-30T15:59:59.999000-03:00,long,2449.5621651370075,2491.8520577415634,bollinger_signal,bollinger_signal,39.81918549311663,0.01625563378624828,2.470707111439286,win
2025-06-30T16:29:59.999000-03:00,2025-06-30T15:59:59.999000-03:00,2025-07-01T02:59:59.999000-03:00,short,2491.8520577415634,2457.8415011085544,bollinger_signal,bollinger_signal,31.53570985358389,0.012655530554316135,2.474846779425059,win
2025-07-01T03:29:59.999000-03:00,2025-07-01T02:59:59.999000-03:00,2025-07-02T02:29:59.999000-03:00,long,2457.8415011085544,2438.451918763953,bollinger_signal,bollinger_signal,-21.837729054537675,-0.008884921604866813,2.4481467099362537,loss
2025-07-02T02:59:59.999000-03:00,2025-07-02T02:29:59.999000-03:00,2025-07-02T13:59:59.999000-03:00,short,2438.451918763953,2560.374514702151,bollinger_signal,stop_loss,-124.42200915493095,-0.0510250000000001,2.4994132167330516,loss
2025-07-03T13:59:59.999000-03:00,2025-07-03T13:29:59.999000-03:00,2025-07-06T12:29:59.999000-03:00,long,2571.0637221077077,2559.8067524661346,bollinger_signal,bollinger_signal,-13.822404878859972,-0.0053761424736406905,2.565435237286921,loss
2025-07-06T12:59:59.999000-03:00,2025-07-06T12:29:59.999000-03:00,2025-07-07T10:29:59.999000-03:00,short,2559.8067524661346,2547.7450746799927,bollinger_signal,bollinger_signal,9.507901872568835,0.003714304551860745,2.5537759135730638,win
2025-07-07T10:59:59.999000-03:00,2025-07-07T10:29:59.999000-03:00,2025-07-07T21:59:59.999000-03:00,long,2547.7450746799927,2551.854887031311,bollinger_signal,bollinger_signal,1.5600123704627444,0.0006123110141459849,2.549799980855652,win
2025-07-08T03:29:59.999000-03:00,2025-07-07T21:59:59.999000-03:00,2025-07-09T01:29:59.999000-03:00,short,2551.854887031311,2591.172191438313,bollinger_signal,bollinger_signal,-41.88881794623657,-0.016415047015062734,2.571513539234812,loss
2025-07-09T09:29:59.999000-03:00,2025-07-09T04:29:59.999000-03:00,2025-07-09T16:59:59.999000-03:00,short,2630.496820205519,2762.0216612157947,bollinger_signal,stop_loss,-134.2211002509865,-0.05102499999999996,2.6962592407106567,loss
2025-07-10T12:29:59.999000-03:00,2025-07-10T11:59:59.999000-03:00,2025-07-10T15:29:59.999000-03:00,long,2764.3667606321187,2819.9089882803246,bollinger_signal,bollinger_signal,52.75008977374966,0.01908216034318379,2.7921378744562215,win
2025-07-10T16:29:59.999000-03:00,2025-07-10T15:29:59.999000-03:00,2025-07-10T18:59:59.999000-03:00,short,2819.9089882803246,2960.904437694341,bollinger_signal,stop_loss,-143.88585612700388,-0.05102500000000011,2.8904067129873328,loss
2025-07-11T13:59:59.999000-03:00,2025-07-11T13:29:59.999000-03:00,2025-07-13T11:59:59.999000-03:00,long,2956.7414885956705,2995.188595347557,bollinger_signal,bollinger_signal,35.47114170991501,0.011996700369893457,2.9759650419716137,win
2025-07-13T12:29:59.999000-03:00,2025-07-13T11:59:59.999000-03:00,2025-07-13T20:29:59.999000-03:00,short,2995.188595347557,2955.9017034686417,bollinger_signal,bollinger_signal,36.311346729507314,0.012123225491012461,2.9755451494080996,win
2025-07-14T06:59:59.999000-03:00,2025-07-14T02:29:59.999000-03:00,2025-07-14T13:29:59.999000-03:00,short,3054.2906270606795,3011.6809276027966,bollinger_signal,bollinger_signal,39.57671368055119,0.01295774322518815,3.032985777331738,win
2025-07-14T14:29:59.999000-03:00,2025-07-14T13:29:59.999000-03:00,2025-07-15T11:59:59.999000-03:00,long,3011.6809276027966,3036.0751363518502,bollinger_signal,bollinger_signal,21.37033071707631,0.007095815005239091,3.0238780319773233,win
2025-07-15T12:59:59.999000-03:00,2025-07-15T11:59:59.999000-03:00,2025-07-16T10:29:59.999000-03:00,short,3036.0751363518502,3187.878893169443,bollinger_signal,stop_loss,-154.91573383235342,-0.05102500000000009,3.111977014760647,loss
2025-07-17T17:29:59.999000-03:00,2025-07-17T13:59:59.999000-03:00,2025-07-17T19:59:59.999000-03:00,long,3384.4056230393016,3479.561466739128,bollinger_signal,bollinger_signal,91.72386015493694,0.0271019110506518,3.4319835448892144,win
2025-07-17T20:29:59.999000-03:00,2025-07-17T19:59:59.999000-03:00,2025-07-18T02:59:59.999000-03:00,short,3479.561466739128,3653.5395400760844,bollinger_signal,stop_loss,-177.54462384036424,-0.05102500000000007,3.566550503407606,loss
2025-07-18T13:29:59.999000-03:00,2025-07-18T12:59:59.999000-03:00,2025-07-19T17:59:59.999000-03:00,long,3559.2310174931436,3580.684388374682,bollinger_signal,bollinger_signal,17.883413178604464,0.005024515995368068,3.5699577029339125,win
2025-07-19T19:29:59.999000-03:00,2025-07-19T17:59:59.999000-03:00,2025-07-20T08:59:59.999000-03:00,short,3580.684388374682,3759.718607793416,bollinger_signal,stop_loss,-182.70442091681826,-0.051025000000000036,3.670201498084049,loss
2025-07-21T16:59:59.999000-03:00,2025-07-21T16:29:59.999000-03:00,2025-07-21T23:29:59.999000-03:00,long,3732.5998220626407,3792.1522741005338,bollinger_signal,bollinger_signal,55.790075989811506,0.014946707027109544,3.7623760480815873,win
2025-07-22T02:59:59.999000-03:00,2025-07-22T02:29:59.999000-03:00,2025-07-24T12:59:59.999000-03:00,long,3679.3685116425586,3736.243856325443,bollinger_signal,bollinger_signal,53.16753849890058,0.014450180331397498,3.707806183984001,win
2025-07-24T15:29:59.999000-03:00,2025-07-24T12:59:59.999000-03:00,2025-07-24T22:59:59.999000-03:00,short,3736.243856325443,3660.4044177818837,bollinger_signal,bollinger_signal,72.14111440650582,0.019308459827741504,3.6983241370536635,win
2025-07-24T23:59:59.999000-03:00,2025-07-24T22:59:59.999000-03:00,2025-07-25T07:29:59.999000-03:00,long,3660.4044177818837,3721.000021965969,bollinger_signal,bollinger_signal,56.90490196421153,0.015546069633118442,3.6907022198739265,win
2025-07-25T07:59:59.999000-03:00,2025-07-25T07:29:59.999000-03:00,2025-07-27T23:59:59.999000-03:00,short,3721.000021965969,3907.050023064268,bollinger_signal,stop_loss,-189.86402612081383,-0.05102500000000007,3.8140250225151187,loss
2025-07-28T11:29:59.999000-03:00,2025-07-28T10:59:59.999000-03:00,2025-07-29T05:59:59.999000-03:00,long,3842.2835261865434,3872.4430788681825,bollinger_signal,bollinger_signal,26.302189379111706,0.006845457707598315,3.857363302527363,win
2025-07-29T06:29:59.999000-03:00,2025-07-29T05:59:59.999000-03:00,2025-07-29T13:59:59.999000-03:00,short,3872.4430788681825,3740.9323848433955,bollinger_signal,bollinger_signal,127.70400629293118,0.03297763290306538,3.806687731855789,win
2025-07-29T17:29:59.999000-03:00,2025-07-29T13:59:59.999000-03:00,2025-07-30T00:59:59.999000-03:00,long,3740.9323848433955,3818.588710860007,bollinger_signal,bollinger_signal,73.87656546875957,0.019748169137746182,3.7797605478517013,win
2025-07-30T01:29:59.999000-03:00,2025-07-30T00:59:59.999000-03:00,2025-07-30T09:29:59.999000-03:00,short,3818.588710860007,3758.367497956033,bollinger_signal,bollinger_signal,56.43273479956597,0.014778427076755387,3.78847810440802,win
2025-07-30T10:29:59.999000-03:00,2025-07-30T09:29:59.999000-03:00,2025-07-30T22:29:59.999000-03:00,long,3758.367497956033,3849.8524539876003,bollinger_signal,bollinger_signal,87.68084605559562,0.0233295030630401,3.804109975971816,win
2025-07-30T23:59:59.999000-03:00,2025-07-30T22:29:59.999000-03:00,2025-07-31T09:29:59.999000-03:00,short,3849.8524539876003,3838.827926583642,bollinger_signal,bollinger_signal,7.180187213672852,0.0018650551675651252,3.8443401902856214,win
2025-07-31T09:59:59.999000-03:00,2025-07-31T09:29:59.999000-03:00,2025-07-31T21:59:59.999000-03:00,long,3838.827926583642,3646.8865302544596,bollinger_signal,stop_loss,-195.68425355760127,-0.050975000000000034,3.7428572284190507,loss
2025-08-03T09:59:59.999000-03:00,2025-08-03T08:59:59.999000-03:00,2025-08-04T11:29:59.999000-03:00,short,3488.5896732247525,3663.01915688599,bollinger_signal,stop_loss,-178.0052880762929,-0.05102499999999998,3.5758044150553716,loss
2025-08-05T09:59:59.999000-03:00,2025-08-05T05:29:59.999000-03:00,2025-08-06T03:29:59.999000-03:00,long,3609.3102237836024,3629.6236650726028,bollinger_signal,bollinger_signal,16.693974344572265,0.004625253389017956,3.6194669444281025,win
2025-08-06T03:59:59.999000-03:00,2025-08-06T03:29:59.999000-03:00,2025-08-07T00:59:59.999000-03:00,short,3629.6236650726028,3652.050838935033,bollinger_signal,bollinger_signal,-26.06801111443403,-0.007182014864318611,3.640837252003818,loss
2025-08-07T06:29:59.999000-03:00,2025-08-07T05:59:59.999000-03:00,2025-08-07T19:59:59.999000-03:00,short,3722.1619426003504,3908.270039730368,bollinger_signal,stop_loss,-189.9233131211829,-0.05102500000000001,3.815215991165359,loss
2025-08-10T03:29:59.999000-03:00,2025-08-10T02:59:59.999000-03:00,2025-08-10T21:59:59.999000-03:00,long,4211.194229234746,4267.658866319754,bollinger_signal,bollinger_signal,52.22521053723144,0.012401520256338724,4.23942654777725,win
2025-08-10T22:29:59.999000-03:00,2025-08-10T21:59:59.999000-03:00,2025-08-11T09:59:59.999000-03:00,short,4267.658866319754,4175.3795090927615,bollinger_signal,bollinger_signal,88.05783803928668,0.020633757476314872,4.221519187706258,win
2025-08-11T10:29:59.999000-03:00,2025-08-11T09:59:59.999000-03:00,2025-08-12T09:59:59.999000-03:00,long,4175.3795090927615,4384.1484845474,bollinger_signal,take_profit,204.4892114578181,0.048975000000000025,4.27976399682008,win
2025-08-12T11:29:59.999000-03:00,2025-08-12T10:59:59.999000-03:00,2025-08-12T17:29:59.999000-03:00,short,4391.328912064596,4610.895357667826,bollinger_signal,stop_loss,-224.06755773809624,-0.051025000000000056,4.501112134866211,loss
2025-08-14T08:59:59.999000-03:00,2025-08-14T08:29:59.999000-03:00,2025-08-14T10:29:59.999000-03:00,long,4704.669535668446,4469.436058885023,bollinger_signal,stop_loss,-239.82052958069943,-0.05097500000000008,4.587052797276734,loss
2025-08-15T00:29:59.999000-03:00,2025-08-14T23:59:59.999000-03:00,2025-08-15T12:59:59.999000-03:00,short,4624.540077154526,4393.3130732968,bollinger_signal,take_profit,226.71807728250056,0.04902499999999998,4.508926575225663,win
2025-08-15T14:29:59.999000-03:00,2025-08-15T13:59:59.999000-03:00,2025-08-15T22:29:59.999000-03:00,long,4398.054302421372,4475.627395946084,bollinger_signal,bollinger_signal,73.1362526755283,0.016629229119627456,4.436840849183728,win
2025-08-15T22:59:59.999000-03:00,2025-08-15T22:29:59.999000-03:00,2025-08-16T07:29:59.999000-03:00,short,4475.627395946084,4395.481787920532,bollinger_signal,bollinger_signal,75.71005343361875,0.016916076057223867,4.435554591933308,win
2025-08-16T07:59:59.999000-03:00,2025-08-16T07:29:59.999000-03:00,2025-08-16T18:29:59.999000-03:00,long,4395.481787920532,4431.940709514198,bollinger_signal,bollinger_signal,32.0452103449484,0.0072904887088859355,4.413711248717365,win
2025-08-16T19:59:59.999000-03:00,2025-08-16T18:29:59.999000-03:00,2025-08-17T17:29:59.999000-03:00,short,4431.940709514198,4461.625598444011,bollinger_signal,bollinger_signal,-34.1316720837926,-0.007701292576076431,4.446783153979104,loss
2025-08-17T17:59:59.999000-03:00,2025-08-17T17:29:59.999000-03:00,2025-08-18T03:59:59.999000-03:00,long,4461.625598444011,4238.544318521811,bollinger_signal,stop_loss,-227.43136488068325,-0.05097499999999995,4.3500849584829115,loss
2025-08-20T13:29:59.999000-03:00,2025-08-20T12:59:59.999000-03:00,2025-08-21T10:29:59.999000-03:00,short,4273.513938482235,4254.930376711968,bollinger_signal,bollinger_signal,14.319339612669795,0.0033507178913649216,4.264222157597102,win
2025-08-21T10:59:59.999000-03:00,2025-08-21T10:29:59.999000-03:00,2025-08-22T00:29:59.999000-03:00,long,4254.930376711968,4289.42933086058,bollinger_signal,bollinger_signal,30.226774294825756,0.0071039409857944,4.272179853786274,win
2025-08-22T01:29:59.999000-03:00,2025-08-22T00:29:59.999000-03:00,2025-08-22T09:59:59.999000-03:00,short,4289.42933086058,4235.807011579253,bollinger_signal,bollinger_signal,49.35970111010686,0.011507288569830318,4.262618171219917,win
2025-08-22T10:29:59.999000-03:00,2025-08-22T09:59:59.999000-03:00,2025-08-22T11:29:59.999000-03:00,long,4235.807011579253,4447.597362158216,bollinger_signal,take_profit,207.448648392094,0.04897500000000001,4.341702186868735,win
2025-08-22T13:29:59.999000-03:00,2025-08-22T12:59:59.999000-03:00,2025-08-22T14:29:59.999000-03:00,short,4616.640269017319,4847.472282468185,bollinger_signal,stop_loss,-235.56406972660858,-0.05102499999999997,4.732056275742752,loss
2025-08-23T00:59:59.999000-03:00,2025-08-23T00:29:59.999000-03:00,2025-08-23T20:59:59.999000-03:00,long,4709.60228566897,4781.5936741819005,bollinger_signal,bollinger_signal,67.24579053300539,0.014278443582726763,4.745597979925435,win
2025-08-23T21:29:59.999000-03:00,2025-08-23T20:59:59.999000-03:00,2025-08-24T08:59:59.999000-03:00,short,4781.5936741819005,4736.740201002371,bollinger_signal,bollinger_signal,40.094306241937694,0.008385134533372406,4.759166937592136,win
2025-08-24T13:29:59.999000-03:00,2025-08-24T12:59:59.999000-03:00,2025-08-25T05:29:59.999000-03:00,short,4806.853207293066,4566.510546928413,bollinger_signal,take_profit,235.6559784875423,0.04902499999999995,4.68668187711074,win
2025-08-25T05:59:59.999000-03:00,2025-08-25T05:29:59.999000-03:00,2025-08-25T17:59:59.999000-03:00,long,4594.2685259011,4364.555099606045,bollinger_signal,stop_loss,-234.19283810780846,-0.05097499999999998,4.479411812753572,loss
2025-08-26T11:29:59.999000-03:00,2025-08-26T10:59:59.999000-03:00,2025-08-27T16:59:59.999000-03:00,short,4479.101718544344,4557.023638499887,bollinger_signal,bollinger_signal,-82.43998263406488,-0.018405472305473094,4.518062678522115,loss
2025-08-27T17:29:59.999000-03:00,2025-08-27T16:59:59.999000-03:00,2025-08-29T05:59:59.999000-03:00,long,4557.023638499887,4329.172456574893,bollinger_signal,stop_loss,-232.29427997253168,-0.050974999999999986,4.44309804753739,loss
2025-08-31T00:29:59.999000-03:00,2025-08-30T23:29:59.999000-03:00,2025-08-31T21:59:59.999000-03:00,short,4456.44898570455,4386.005298136356,bollinger_signal,bollinger_signal,66.02246042627358,0.014815037855938936,4.421227141920453,win
2025-08-31T22:29:59.999000-03:00,2025-08-31T21:59:59.999000-03:00,2025-09-01T06:59:59.999000-03:00,long,4386.005298136356,4475.69808320356,bollinger_signal,bollinger_signal,85.2619333765337,0.019439541811032943,4.430851690669958,win
2025-09-01T17:59:59.999000-03:00,2025-09-01T14:59:59.999000-03:00,2025-09-02T23:59:59.999000-03:00,long,4310.27776215587,4351.359792859844,bollinger_signal,bollinger_signal,36.751211926466084,0.008526413830946301,4.330818777507857,win
2025-09-03T06:59:59.999000-03:00,2025-09-02T23:59:59.999000-03:00,2025-09-04T02:59:59.999000-03:00,short,4351.359792859844,4369.3054202660815,bollinger_signal,bollinger_signal,-22.305960012800654,-0.00512620446817626,4.360332606562963,loss
2025-09-04T03:29:59.999000-03:00,2025-09-04T02:59:59.999000-03:00,2025-09-05T06:29:59.999000-03:00,long,4369.3054202660815,4406.364782853961,bollinger_signal,bollinger_signal,32.67152748631913,0.007477510575200188,4.387835101560021,win
2025-09-05T07:29:59.999000-03:00,2025-09-05T06:29:59.999000-03:00,2025-09-05T12:29:59.999000-03:00,short,4406.364782853961,4275.962754419264,bollinger_signal,bollinger_signal,126.06086466606044,0.028608812678557225,4.341163768636612,win
2025-09-05T12:59:59.999000-03:00,2025-09-05T12:29:59.999000-03:00,2025-09-07T20:59:59.999000-03:00,long,4275.962754419264,4317.886146729965,bollinger_signal,bollinger_signal,37.62646786012666,0.008799531245036971,4.296924450574614,win
2025-09-08T00:59:59.999000-03:00,2025-09-07T20:59:59.999000-03:00,2025-09-09T13:29:59.999000-03:00,short,4317.886146729965,4284.975728433037,bollinger_signal,bollinger_signal,28.608987359346173,0.0066256928476477826,4.301430937581501,win
2025-09-09T13:59:59.999000-03:00,2025-09-09T13:29:59.999000-03:00,2025-09-10T04:59:59.999000-03:00,long,4284.975728433037,4330.055019156679,bollinger_signal,bollinger_signal,40.771775349847005,0.009515053977856892,4.307515373794859,win
2025-09-10T05:29:59.999000-03:00,2025-09-10T04:59:59.999000-03:00,2025-09-12T02:59:59.999000-03:00,short,4330.055019156679,4546.557770114513,bollinger_signal,stop_loss,-220.94105735246958,-0.05102500000000001,4.438306394635596,loss
2025-09-13T11:59:59.999000-03:00,2025-09-13T11:29:59.999000-03:00,2025-09-15T01:59:59.999000-03:00,long,4694.212585810446,4643.001899265304,bollinger_signal,bollinger_signal,-55.879293787680254,-0.011903869449072428,4.668607242537876,loss
2025-09-15T02:29:59.999000-03:00,2025-09-15T01:59:59.999000-03:00,2025-09-15T06:59:59.999000-03:00,short,4643.001899265304,4520.407729322672,bollinger_signal,bollinger_signal,118.01246512833812,0.025417276944687896,4.581704814293988,win
2025-09-15T07:29:59.999000-03:00,2025-09-15T06:59:59.999000-03:00,2025-09-17T04:29:59.999000-03:00,long,4520.407729322672,4543.309518303956,bollinger_signal,bollinger_signal,18.369930357470658,0.0040637773089161515,4.531858623813314,win
2025-09-17T04:59:59.999000-03:00,2025-09-17T04:29:59.999000-03:00,2025-09-17T15:29:59.999000-03:00,short,4543.309518303956,4453.427559980623,bollinger_signal,bollinger_signal,85.38358978419029,0.01879325840341701,4.49836853914229,win
2025-09-17T15:59:59.999000-03:00,2025-09-17T15:29:59.999000-03:00,2025-09-17T20:59:59.999000-03:00,long,4453.427559980623,4592.748947436075,bollinger_signal,bollinger_signal,134.7982992017429,0.030268438721910953,4.523088253708349,win
2025-09-17T21:29:59.999000-03:00,2025-09-17T20:59:59.999000-03:00,2025-09-19T01:59:59.999000-03:00,short,4592.748947436075,4550.301966832124,bollinger_signal,bollinger_signal,37.87545514681648,0.008246794148842088,4.5715254571341,win
2025-09-19T02:29:59.999000-03:00,2025-09-19T01:59:59.999000-03:00,2025-09-20T13:29:59.999000-03:00,long,4550.301966832124,4496.051953516847,bollinger_signal,bollinger_signal,-58.77319027545158,-0.012916327466585456,4.523176960174485,loss
2025-09-20T13:59:59.999000-03:00,2025-09-20T13:29:59.999000-03:00,2025-09-21T06:59:59.999000-03:00,short,4496.051953516847,4459.0655802481515,bollinger_signal,bollinger_signal,32.50881450181289,0.007230524655388878,4.477558766882499,win
2025-09-21T07:29:59.999000-03:00,2025-09-21T06:59:59.999000-03:00,2025-09-21T15:29:59.999000-03:00,long,4459.0655802481515,4488.609824751737,bollinger_signal,bollinger_signal,25.07040680108516,0.005622345388266294,4.473837702499945,win
2025-09-21T15:59:59.999000-03:00,2025-09-21T15:29:59.999000-03:00,2025-09-21T19:59:59.999000-03:00,short,4488.609824751737,4455.860080109709,bollinger_signal,bollinger_signal,28.277509689596783,0.006299836874585285,4.472234952430723,win
2025-09-21T20:29:59.999000-03:00,2025-09-21T19:59:59.999000-03:00,2025-09-22T02:59:59.999000-03:00,long,4455.860080109709,4233.067076104224,bollinger_signal,stop_loss,-227.13746758359224,-0.05097499999999996,4.344463578106967,loss
2025-09-24T12:59:59.999000-03:00,2025-09-24T12:29:59.999000-03:00,2025-09-24T19:29:59.999000-03:00,short,4192.817880452283,4143.266354081732,bollinger_signal,bollinger_signal,45.38348425328407,0.010824101009698162,4.1680421172670075,win
2025-09-24T20:59:59.999000-03:00,2025-09-24T19:29:59.999000-03:00,2025-09-25T09:29:59.999000-03:00,long,4143.266354081732,3936.1030363776454,bollinger_signal,stop_loss,-211.20300239931638,-0.05097500000000002,4.039684695229689,loss
2025-09-27T14:29:59.999000-03:00,2025-09-27T06:59:59.999000-03:00,2025-09-27T19:59:59.999000-03:00,long,3985.50069473341,4029.605943882582,bollinger_signal,bollinger_signal,40.09769582986387,0.010060892946989189,4.007553319307996,win
2025-09-27T21:29:59.999000-03:00,2025-09-27T19:59:59.999000-03:00,2025-09-28T08:59:59.999000-03:00,short,4029.605943882582,3985.6720309095535,bollinger_signal,bollinger_signal,39.92627398563226,0.009908232849975085,4.007638987396068,win
2025-09-28T09:29:59.999000-03:00,2025-09-28T08:59:59.999000-03:00,2025-09-28T21:29:59.999000-03:00,long,3985.6720309095535,4140.951117051497,bollinger_signal,bollinger_signal,151.21577456796297,0.03793984386955558,4.063311573980525,win
2025-09-29T10:59:59.999000-03:00,2025-09-28T21:29:59.999000-03:00,2025-09-30T06:29:59.999000-03:00,short,4140.951117051497,4166.7721397209125,bollinger_signal,bollinger_signal,-29.974884297801673,-0.007238647221497472,4.153861628386204,loss
2025-09-30T06:59:59.999000-03:00,2025-09-30T06:29:59.999000-03:00,2025-09-30T18:29:59.999000-03:00,long,4166.7721397209125,4194.506227756259,bollinger_signal,bollinger_signal,23.553448851608174,0.005652684634966808,4.1806391837385855,win
2025-10-01T05:59:59.999000-03:00,2025-09-30T18:29:59.999000-03:00,2025-10-02T03:29:59.999000-03:00,short,4194.506227756259,4404.2315391440725,bollinger_signal,stop_loss,-214.0246802712634,-0.05102500000000006,4.299368883450167,loss
2025-10-04T15:29:59.999000-03:00,2025-10-04T13:59:59.999000-03:00,2025-10-05T00:59:59.999000-03:00,long,4450.7113151119365,4537.338003017221,bollinger_signal,bollinger_signal,82.13266324622002,0.018453828485201215,4.4940246590645785,win
2025-10-05T01:29:59.999000-03:00,2025-10-05T00:59:59.999000-03:00,2025-10-05T17:29:59.999000-03:00,short,4537.338003017221,4492.893799454811,bollinger_signal,bollinger_signal,39.929087661173696,0.008800113113596962,4.515115901236017,win
2025-10-05T18:29:59.999000-03:00,2025-10-05T17:29:59.999000-03:00,2025-10-06T00:29:59.999000-03:00,long,4492.893799454811,4537.213530378925,bollinger_signal,bollinger_signal,39.8046772591963,0.008859474324549222,4.515053664916868,win
2025-10-06T00:59:59.999000-03:00,2025-10-06T00:29:59.999000-03:00,2025-10-07T05:59:59.999000-03:00,short,4537.213530378925,4652.859863929209,bollinger_signal,bollinger_signal,-120.24137024743807,-0.0265011486548653,4.595036697154066,loss
2025-10-07T14:29:59.999000-03:00,2025-10-07T13:59:59.999000-03:00,2025-10-08T15:29:59.999000-03:00,long,4492.490157242724,4534.459405631807,bollinger_signal,bollinger_signal,37.45577360764581,0.008337419181043765,4.5134747814372655,win
2025-10-08T15:59:59.999000-03:00,2025-10-08T15:29:59.999000-03:00,2025-10-09T00:29:59.999000-03:00,short,4534.459405631807,4435.649526455812,bollinger_signal,bollinger_signal,94.32482470995197,0.0208017795005068,4.48505446604381,win
2025-10-09T00:59:59.999000-03:00,2025-10-09T00:29:59.999000-03:00,2025-10-10T12:29:59.999000-03:00,long,4435.649526455812,4213.867050133021,bollinger_signal,stop_loss,-226.10723461108532,-0.05097500000000007,4.324758288294416,loss
2025-10-12T02:29:59.999000-03:00,2025-10-12T01:59:59.999000-03:00,2025-10-12T11:59:59.999000-03:00,short,3804.1335687140586,3994.3402471497616,bollinger_signal,stop_loss,-194.1059153436349,-0.051025000000000015,3.8992369079319102,loss
2025-10-13T15:59:59.999000-03:00,2025-10-13T15:29:59.999000-03:00,2025-10-14T01:29:59.999000-03:00,short,4229.368119965928,4142.576124603343,bollinger_signal,bollinger_signal,82.60602324030047,0.0195315283269705,4.1859721222846344,win
2025-10-14T01:59:59.999000-03:00,2025-10-14T01:29:59.999000-03:00,2025-10-14T07:29:59.999000-03:00,long,4142.576124603343,3935.447318373175,bollinger_signal,stop_loss,-211.16781795165562,-0.050975000000000055,4.039011721488259,loss
2025-10-14T14:29:59.999000-03:00,2025-10-14T13:59:59.999000-03:00,2025-10-15T01:29:59.999000-03:00,short,4095.256254758079,4081.819895710984,bollinger_signal,bollinger_signal,9.347820971860735,0.002282597324892662,4.088538075234532,win
2025-10-15T03:29:59.999000-03:00,2025-10-15T01:29:59.999000-03:00,2025-10-15T06:29:59.999000-03:00,long,4081.819895710984,4169.329450643944,bollinger_signal,bollinger_signal,83.38398025978286,0.020428138034066488,4.125574673177464,win
2025-10-15T13:59:59.999000-03:00,2025-10-15T13:29:59.999000-03:00,2025-10-16T00:29:59.999000-03:00,long,3977.094714335951,4033.3330898240547,bollinger_signal,bollinger_signal,52.23316158602388,0.01313349702176886,4.005213902080003,win
2025-10-16T03:59:59.999000-03:00,2025-10-16T00:29:59.999000-03:00,2025-10-16T13:59:59.999000-03:00,short,4033.3330898240547,3911.050963167549,bollinger_signal,bollinger_signal,118.30993463000982,0.029333043414763157,3.9721920264958017,win
2025-10-16T15:29:59.999000-03:00,2025-10-16T13:59:59.999000-03:00,2025-10-17T05:29:59.999000-03:00,long,3911.050963167549,3715.4984150091714,bollinger_signal,stop_loss,-199.36582284746606,-0.05097500000000006,3.81327468908836,loss
2025-10-18T04:29:59.999000-03:00,2025-10-17T18:59:59.999000-03:00,2025-10-19T06:59:59.999000-03:00,short,3883.1860861692016,3851.1556201430494,bollinger_signal,bollinger_signal,28.1632951729961,0.00725262569138927,3.8671708531561255,win
2025-10-19T08:29:59.999000-03:00,2025-10-19T07:59:59.999000-03:00,2025-10-19T22:29:59.999000-03:00,short,3930.1639533390544,3937.3381043405534,bollinger_signal,bollinger_signal,-11.107902030338817,-0.002826320266079887,3.933751028839804,loss
2025-10-19T22:59:59.999000-03:00,2025-10-19T22:29:59.999000-03:00,2025-10-20T02:29:59.999000-03:00,long,3937.3381043405534,4060.4168843880957,bollinger_signal,bollinger_signal,119.07990255317797,0.030243758447338655,3.998877494364325,win
2025-10-20T02:59:59.999000-03:00,2025-10-20T02:29:59.999000-03:00,2025-10-20T14:59:59.999000-03:00,short,4060.4168843880957,3945.98862892823,bollinger_signal,bollinger_signal,110.42505270320763,0.027195496385551226,4.003202756658163,win
2025-10-20T15:29:59.999000-03:00,2025-10-20T14:59:59.999000-03:00,2025-10-21T13:59:59.999000-03:00,long,3945.98862892823,4080.7508516932417,bollinger_signal,bollinger_signal,130.74885302470102,0.03313462488618821,4.013369740310736,win
2025-10-22T07:59:59.999000-03:00,2025-10-22T07:29:59.999000-03:00,2025-10-23T14:29:59.999000-03:00,long,3834.955410791592,3913.5293370652125,bollinger_signal,bollinger_signal,74.6996838996922,0.019478631665308745,3.874242373928402,win
2025-10-23T14:59:59.999000-03:00,2025-10-23T14:29:59.999000-03:00,2025-10-24T12:29:59.999000-03:00,short,3913.5293370652125,3906.0656023303936,bollinger_signal,bollinger_signal,3.5539372651210965,0.0009081156570008551,3.909797469697803,win
2025-10-24T12:59:59.999000-03:00,2025-10-24T12:29:59.999000-03:00,2025-10-25T06:59:59.999000-03:00,long,3906.0656023303936,3949.060103100641,bollinger_signal,bollinger_signal,39.066937917531696,0.010001608240840608,3.9275628527155173,win
2025-10-25T09:29:59.999000-03:00,2025-10-25T06:59:59.999000-03:00,2025-10-26T19:29:59.999000-03:00,short,3949.060103100641,4146.513108255673,bollinger_signal,stop_loss,-201.50079176071003,-0.05102499999999996,4.047786605678157,loss
2025-10-27T20:29:59.999000-03:00,2025-10-27T18:59:59.999000-03:00,2025-10-28T11:59:59.999000-03:00,long,4103.1401982274265,4157.03866354042,bollinger_signal,bollinger_signal,49.7683758821098,0.012129338379324681,4.130089430883923,win
2025-10-29T03:59:59.999000-03:00,2025-10-29T03:29:59.999000-03:00,2025-10-29T11:59:59.999000-03:00,short,4028.5962048033257,3977.34724644786,bollinger_signal,bollinger_signal,47.24598662984008,0.011727655051034486,4.002971725625593,win
2025-10-29T12:29:59.999000-03:00,2025-10-29T11:59:59.999000-03:00,2025-10-30T10:59:59.999000-03:00,long,3977.34724644786,3778.479884125467,bollinger_signal,stop_loss,-202.74527588767975,-0.05097500000000002,3.8779135652866636,loss
2025-10-31T01:29:59.999000-03:00,2025-10-30T22:59:59.999000-03:00,2025-11-02T07:59:59.999000-03:00,short,3855.4791090388653,3856.578315512718,bollinger_signal,bollinger_signal,-4.955235186128311,-0.0012852449840828224,3.856028712275792,loss
2025-11-02T10:29:59.999000-03:00,2025-11-02T07:59:59.999000-03:00,2025-11-02T21:59:59.999000-03:00,long,3856.578315512718,3889.043590768032,bollinger_signal,bollinger_signal,28.592464302173905,0.007413946240158912,3.8728109531403754,win
2025-11-03T02:59:59.999000-03:00,2025-11-03T01:59:59.999000-03:00,2025-11-04T02:59:59.999000-03:00,long,3730.8738964461395,3544.330201623832,bollinger_signal,stop_loss,-190.1812968713423,-0.0509750000000001,3.6376020490349856,loss
2025-11-04T18:29:59.999000-03:00,2025-11-04T17:59:59.999000-03:00,2025-11-05T00:59:59.999000-03:00,long,3180.4759450756505,3339.499742329433,bollinger_signal,take_profit,155.76380941007997,0.048975,3.259987843702542,win
2025-11-05T10:59:59.999000-03:00,2025-11-05T09:59:59.999000-03:00,2025-11-05T11:59:59.999000-03:00,short,3355.585475597692,3355.585475597692,bollinger_signal,end_of_data,-3.355585475597692,-0.001,3.355585475597692,loss
